slug,id,display_name,baseline_version,new_version,functional_class,source_support,source_refs,summary_review,purpose_review,problem_review,mechanism_review,procedure_review,trigger_review,os_fit_review,task_mapping_review,interaction_review,example_review,test_review,metadata_review,provenance_review,semantic_specificity,final_status,version_reason,notes
activation-budget-funnel,T2-16,Activation-Budget Funnel,1.0.0,1.1.0,context-retrieval;state,sufficiently-recovered,OS_Upgradeable_to_Skills_Translation_Catalog_v2_Recovery_Merged.md — T2-16. ABF — Activation-Budget Funnel (current_consolidated_catalog); OS_Upgradeables_Historical_Recovery_Inventory.md — ABF — Activation-Budget Funnel (historical_recovery_inventory); OS_Upgradeables_Deep_Context_Recovery_Addendum_2026-09-03.md — 18. ABF — DEEP CONTEXT IMPLICATION (historical_assistant_artifact),PASS,PASS,PASS,PASS,PASS,PASS,PASS,PASS,PASS,PASS,PASS,PASS,PASS,PASS,PASS,"Minor version: compatible semantic detail, metadata, examples, and behavior cases were added without changing package identity.","The name, sequence, operating heuristic, rationale, and historical task mappings are explicitly recovered in all three source documents."
adapter-first-experimentation,T2-21,Adapter-First Experimentation,1.0.0,1.1.0,meta-control;orchestration,sufficiently-recovered,OS_Upgradeable_to_Skills_Translation_Catalog_v2_Recovery_Merged.md — T2-21. Adapter-First Experimentation (recovered-operational-definition); OS_Upgradeables_Historical_Recovery_Inventory.md — 11. Advanced architecture Upgradeables retained (recovered-name-and-placement); OS_Upgradeables_Deep_Context_Recovery_Addendum_2026-09-03.md — 19.5 OS / Skill construction (recovered-historical-use),PASS,PASS,PASS,PASS,PASS,PASS,PASS,PASS,PASS,PASS,PASS,PASS,PASS,PASS,PASS,"Minor version: compatible semantic detail, metadata, examples, and behavior cases were added without changing package identity.","The recovered catalog explicitly specifies prototype as adapter, evaluate, then promote only after demonstrated value."
anti-tunnel-vision,T2-19,Anti-Tunnel Vision,1.0.0,1.1.0,planning-reasoning;validation,sufficiently-recovered,OS_Upgradeable_to_Skills_Translation_Catalog_v2_Recovery_Merged.md — T2-19. Anti-Tunnel Vision (recovered-operational-definition); OS_Upgradeables_Historical_Recovery_Inventory.md — 1. Canonical current consolidated inventory (recovered-name-and-id),PASS,PASS,PASS,PASS,PASS,PASS,PASS,PASS,PASS,PASS,PASS,PASS,PASS,PASS,PASS,"Minor version: compatible semantic detail, metadata, examples, and behavior cases were added without changing package identity.",The recovered source explicitly defines a small bounded alternative set and rapid collapse on decisive evidence.
architect-orchestrator,O-01,Architect Orchestrator,1.0.0,1.1.0,orchestration;meta-control;planning-reasoning,sufficiently-recovered,OS_Upgradeable_to_Skills_Translation_Catalog_v2_Recovery_Merged.md — O-01. Architect Orchestrator (current_consolidated_catalog),PASS,PASS,PASS,PASS,PASS,PASS,PASS,PASS,PASS,PASS,PASS,PASS,PASS,PASS,PASS,"Minor version: compatible semantic detail, metadata, examples, and behavior cases were added without changing package identity.","Historical identity, purpose, and core behavior are recovered; v0.2 states the mechanism explicitly without claiming hidden capabilities."
attention-compression-scaffold,JAN26-02,Attention Compression Scaffold,1.0.0,1.1.0,context-retrieval;state,source-gap,"OS_Upgradeables_Historical_Recovery_Inventory.md — Initial named Upgradeables (historical_recovery_inventory); OS_Upgradeable_to_Skills_Translation_Catalog_v2_Recovery_Merged.md — January 5, 2026 training / scaffolding Upgradeables (current_consolidated_catalog); OS_Upgradeables_Deep_Context_Recovery_Addendum_2026-09-03.md — Semantic anchoring, context compression, and index-preserving retrieval (related_architectural_context)",PASS,PASS,PASS,PASS,PASS,PASS,PASS,PASS,PASS,PASS,PASS,PASS,PASS,PASS,BLOCKED_BY_SOURCE_GAP,"Minor version: compatible semantic detail, metadata, examples, and behavior cases were added without changing package identity.",All three archives were searched. The catalog and inventory recover the exact January 2026 name only; the Deep Context Addendum contains no direct mention. The procedure is therefore explicitly provisional.
authenticity-anti-evasion,T3-18,Authenticity & Anti-Evasion Principle,1.0.0,1.1.0,truth-grounding;output,sufficiently-recovered,OS_Upgradeable_to_Skills_Translation_Catalog_v2_Recovery_Merged.md — T3-18. Authenticity & Anti-Evasion Principle (current_consolidated_catalog); OS_Upgradeables_Historical_Recovery_Inventory.md — 8. Tier-3 / Paper-Author alignment family recovered from late-November work (historical_recovery_inventory); OS_Upgradeables_Deep_Context_Recovery_Addendum_2026-09-03.md — 13.2 Primary user-specified goals (direct_user_spec),PASS,PASS,PASS,PASS,PASS,PASS,PASS,PASS,PASS,PASS,PASS,PASS,PASS,PASS,PASS,"Minor version: compatible semantic detail, metadata, examples, and behavior cases were added without changing package identity.",The recovered purpose is explicit; the evidence-binding procedure is a conservative operational normalization of that purpose.
authority-anchor-enforcement,JAN26-12,Authority Anchor Enforcement,1.0.0,1.1.0,orchestration;validation,source-gap,OS_Upgradeables_Historical_Recovery_Inventory.md — Pack-derived Upgradeables — Authority Anchor Enforcement (historical_recovery_inventory); OS_Upgradeable_to_Skills_Translation_Catalog_v2_Recovery_Merged.md — Pack-derived exact names — Authority Anchor Enforcement (current_consolidated_catalog),PASS,PASS,PASS,PASS,PASS,PASS,PASS,PASS,PASS,PASS,PASS,PASS,PASS,PASS,BLOCKED_BY_SOURCE_GAP,"Minor version: compatible semantic detail, metadata, examples, and behavior cases were added without changing package identity.",The historical name is recovered but the full original mechanism is not. This operational package remains provisional and labels its v0.2 mechanism as a modern interpretation.
behavior-gene-builder,BG-00,Behavior Gene Builder,1.0.0,1.1.0,meta-control;orchestration,sufficiently-recovered,OS_Upgradeable_to_Skills_Translation_Catalog_v2_Recovery_Merged.md — PART IX. BEHAVIOR GENE OS (recovered-definition-and-schema); OS_Upgradeables_Historical_Recovery_Inventory.md — 12. Behavior Gene OS and known Genes (recovered-family-inventory); OS_Upgradeables_Deep_Context_Recovery_Addendum_2026-09-03.md — 14. BEHAVIOR GENE + CORE SEPARATION — HISTORICAL GENESIS (deep-recovered-template-and-boundaries),PASS,PASS,PASS,PASS,PASS,PASS,PASS,PASS,PASS,PASS,PASS,PASS,PASS,PASS,PASS,"Minor version: compatible semantic detail, metadata, examples, and behavior cases were added without changing package identity.",The corpus recovers both a twelve-field schema and the strict historical separation between modular Genes and consolidated Cores.
bidirectional-consistency,T2-18,Bidirectional Consistency,1.0.0,1.1.0,validation;planning-reasoning,sufficiently-recovered,OS_Upgradeable_to_Skills_Translation_Catalog_v2_Recovery_Merged.md — T2-18. Bidirectional Consistency (current_consolidated_catalog); OS_Upgradeables_Historical_Recovery_Inventory.md — T2-18. Bidirectional Consistency (historical_recovery_inventory); OS_Upgradeables_Deep_Context_Recovery_Addendum_2026-09-03.md — 10.6 Global verification (recovered_operating_detail),PASS,PASS,PASS,PASS,PASS,PASS,PASS,PASS,PASS,PASS,PASS,PASS,PASS,PASS,PASS,"Minor version: compatible semantic detail, metadata, examples, and behavior cases were added without changing package identity.",The two-direction validation function is directly recovered; the reconstruction procedure makes its distinction operational.
bounded-exit,T2-01,Bounded ExIt,1.0.0,1.1.0,planning-reasoning;validation,sufficiently-recovered,OS_Upgradeable_to_Skills_Translation_Catalog_v2_Recovery_Merged.md — T2-01. Bounded ExIt (recovered-operational-definition); OS_Upgradeables_Historical_Recovery_Inventory.md — 1. Canonical current consolidated inventory (recovered-name-and-id); OS_Upgradeables_Deep_Context_Recovery_Addendum_2026-09-03.md — 9. BOUNDED EXIT — DEEPER HISTORICAL USE (deep-recovered-mechanism),PASS,PASS,PASS,PASS,PASS,PASS,PASS,PASS,PASS,PASS,PASS,PASS,PASS,PASS,PASS,"Minor version: compatible semantic detail, metadata, examples, and behavior cases were added without changing package identity.",Operational behavior is deeply recovered; only the historical expansion of the ExIt acronym remains unknown.
citation-fidelity,T3-13,Citation Fidelity Gate,1.0.0,1.1.0,validation;truth-grounding,sufficiently-recovered,OS_Upgradeable_to_Skills_Translation_Catalog_v2_Recovery_Merged.md — T3-13. Citation Fidelity Gate (current_consolidated_catalog); OS_Upgradeables_Historical_Recovery_Inventory.md — T3-13. Citation Fidelity Gate (historical_recovery_inventory); OS_Upgradeables_Deep_Context_Recovery_Addendum_2026-09-03.md — 17. VERBATIM-COPY / FIDELITY WORKFLOW (direct_user_operating_rule),PASS,PASS,PASS,PASS,PASS,PASS,PASS,PASS,PASS,PASS,PASS,PASS,PASS,PASS,PASS,"Minor version: compatible semantic detail, metadata, examples, and behavior cases were added without changing package identity.",Directly recovered fidelity invariants are preserved as separate gates rather than compressed into a generic fact check.
clarification-gateway,T1-03,Clarification Gateway,1.0.0,1.1.0,framing-intake;orchestration,sufficiently-recovered,"OS_Upgradeable_to_Skills_Translation_Catalog_v2_Recovery_Merged.md — T1-03. Clarification Gateway / Clarification-First (current_consolidated_catalog); OS_Upgradeables_Historical_Recovery_Inventory.md — January 5 scaffolding classification (historical_recovery_inventory); OS_Upgradeables_Deep_Context_Recovery_Addendum_2026-09-03.md — Clarification, ambiguity, and authority-gated activation patterns (related_architectural_context)",PASS,PASS,PASS,PASS,PASS,PASS,PASS,PASS,PASS,PASS,PASS,PASS,PASS,PASS,PASS,"Minor version: compatible semantic detail, metadata, examples, and behavior cases were added without changing package identity.","The catalog directly recovers the materiality test, ask-only-when-needed rule, and best-effort assumption fallback; no direct package-specific mention was located in the Deep Context Addendum."
cognitive-governor,T3-17,Reasoning Budget / Cognitive Governor,1.0.0,1.1.0,meta-control;planning-reasoning,sufficiently-recovered,OS_Upgradeable_to_Skills_Translation_Catalog_v2_Recovery_Merged.md — T3-17. Reasoning Budget / Cognitive Governor (recovered-operational-definition); OS_Upgradeables_Historical_Recovery_Inventory.md — 8. Tier-3 / Paper-Author alignment family recovered from late-November work (recovered-name-and-use); OS_Upgradeables_Deep_Context_Recovery_Addendum_2026-09-03.md — 9. BOUNDED EXIT — DEEPER HISTORICAL USE (deep-recovered-budget-role),PASS,PASS,PASS,PASS,PASS,PASS,PASS,PASS,PASS,PASS,PASS,PASS,PASS,PASS,PASS,"Minor version: compatible semantic detail, metadata, examples, and behavior cases were added without changing package identity.","Recovered sources explicitly connect the governor to complexity, risk, expected value, over-polishing, endless recursion, and reasoning cost."
coherence-heartbeat,A-04,Global Coherence Heartbeat,1.0.0,1.1.0,validation;state,sufficiently-recovered,OS_Upgradeable_to_Skills_Translation_Catalog_v2_Recovery_Merged.md — A-04. Global Coherence Heartbeat (current_consolidated_catalog); OS_Upgradeables_Historical_Recovery_Inventory.md — A-04. Global Coherence Heartbeat (historical_recovery_inventory); OS_Upgradeables_Deep_Context_Recovery_Addendum_2026-09-03.md — Coherence Heartbeat (recovered_architectural_context),PASS,PASS,PASS,PASS,PASS,PASS,PASS,PASS,PASS,PASS,PASS,PASS,PASS,PASS,PASS,"Minor version: compatible semantic detail, metadata, examples, and behavior cases were added without changing package identity.",Recovered as a recurring global-coherence mechanism; explicit delta signaling preserves its lightweight monitoring role.
coherence-loops,A-11,Coherence Loops,1.0.0,1.1.0,validation;editing-repair,sufficiently-recovered,OS_Upgradeable_to_Skills_Translation_Catalog_v2_Recovery_Merged.md — A-11. Coherence Loops (current_consolidated_catalog); OS_Upgradeables_Historical_Recovery_Inventory.md — A-11. Coherence Loops (historical_recovery_inventory); OS_Upgradeables_Deep_Context_Recovery_Addendum_2026-09-03.md — 9. BOUNDED EXIT (recovered_operating_detail),PASS,PASS,PASS,PASS,PASS,PASS,PASS,PASS,PASS,PASS,PASS,PASS,PASS,PASS,PASS,"Minor version: compatible semantic detail, metadata, examples, and behavior cases were added without changing package identity.",The recovered looping function is made safe through the source's bounded-convergence and ExIt logic.
compute-adaptive-drift,T4-10,Compute-Adaptive Drift Constraining,1.0.0,1.1.0,drift-control;meta-control,strongly-derivable,"OS_Upgradeable_to_Skills_Translation_Catalog_v2_Recovery_Merged.md — Compute-Adaptive Drift (purpose_level_recovery); OS_Upgradeables_Historical_Recovery_Inventory.md — Compute-Adaptive Drift inventory entry (historical_inventory); OS_Upgradeables_Deep_Context_Recovery_Addendum_2026-09-03.md — Drift widths, stability guards, and capability scaling (related_architectural_context)",PASS,PASS,PASS,PASS,PASS,PASS,PASS,PASS,PASS,PASS,PASS,PASS,PASS,PASS,PASS,"Minor version: compatible semantic detail, metadata, examples, and behavior cases were added without changing package identity.","The purpose is directly recovered, but the detailed calibration profile is a conservative normalization from capability-scaling and drift-width architecture."
contradiction-micro-repair,T4-04,Contradiction Micro-Repair Pack,1.0.0,1.1.0,editing-repair;validation,strongly-derivable,OS_Upgradeable_to_Skills_Translation_Catalog_v2_Recovery_Merged.md — T4-04. Contradiction Micro-Repair Pack (recovered-compact-definition); OS_Upgradeables_Historical_Recovery_Inventory.md — 10. Tier-4 / Meta-Supervisor recovered family (recovered-name-and-placement),PASS,PASS,PASS,PASS,PASS,PASS,PASS,PASS,PASS,PASS,PASS,PASS,PASS,PASS,PASS,"Minor version: compatible semantic detail, metadata, examples, and behavior cases were added without changing package identity.",The direct historical definition is compact; the claim-pair normalization and retest procedure is conservatively derived from that definition plus recovered consistency doctrine.
controlled-drift-corridors,T3-02,Controlled Drift Corridors,1.0.0,1.1.0,drift-control;truth-grounding,sufficiently-recovered,OS_Upgradeable_to_Skills_Translation_Catalog_v2_Recovery_Merged.md — Controlled Drift Corridors (current_consolidated_catalog); OS_Upgradeables_Historical_Recovery_Inventory.md — Controlled Drift Corridors inventory entry (historical_inventory); OS_Upgradeables_Deep_Context_Recovery_Addendum_2026-09-03.md — Opt-in drift widths and corridor mapping (deep_context_support),PASS,PASS,PASS,PASS,PASS,PASS,PASS,PASS,PASS,PASS,PASS,PASS,PASS,PASS,PASS,"Minor version: compatible semantic detail, metadata, examples, and behavior cases were added without changing package identity.","Catalog recovery and addendum drift-width material directly support opt-in, region-specific bounded transformation."
cot-structured-state-block,STATE-2025-12-03-T3,CoT-Structured State Block,1.0.0,1.1.0,state,strongly-derivable,"OS_Upgradeable_to_Skills_Translation_Catalog_v2_Recovery_Merged.md — Recovered residual upgradeables and orchestration/state listings (name_and_role_recovery); OS_Upgradeables_Historical_Recovery_Inventory.md — Recovered state-management inventory (historical_inventory); OS_Upgradeables_Deep_Context_Recovery_Addendum_2026-09-03.md — Structured state, provenance, and projection patterns (architectural_context)",PASS,PASS,PASS,PASS,PASS,PASS,PASS,PASS,PASS,PASS,PASS,PASS,PASS,PASS,PASS,"Minor version: compatible semantic detail, metadata, examples, and behavior cases were added without changing package identity.","The exact recovered label has limited prose, so the safe mechanism is a modern operationalization grounded in the addendum's structured-state and provenance architecture; it explicitly excludes private chain-of-thought."
counterfactual-integrity,T3-12,Counterfactual Integrity Gate,1.0.0,1.1.0,truth-grounding;drift-control,sufficiently-recovered,OS_Upgradeable_to_Skills_Translation_Catalog_v2_Recovery_Merged.md — T3-12. Counterfactual Integrity Gate (current_consolidated_catalog); OS_Upgradeables_Historical_Recovery_Inventory.md — 8. Tier-3 / Paper-Author alignment family recovered from late-November work (historical_recovery_inventory); OS_Upgradeables_Deep_Context_Recovery_Addendum_2026-09-03.md — 10.2 Semantic phase separation (historical_operating_context),PASS,PASS,PASS,PASS,PASS,PASS,PASS,PASS,PASS,PASS,PASS,PASS,PASS,PASS,PASS,"Minor version: compatible semantic detail, metadata, examples, and behavior cases were added without changing package identity.",The Lh/factual separation is directly recovered; the proposition-tagging representation is a normalized explicit-state implementation.
counterfactual-silence-scaffold,JAN26-06,Counterfactual Silence Scaffold,1.0.0,1.1.0,truth-grounding;output,source-gap,"OS_Upgradeable_to_Skills_Translation_Catalog_v2_Recovery_Merged.md — C. JANUARY 5, 2026 TRAINING / SCAFFOLDING UPGRADEABLES (exact_name_recovery); OS_Upgradeables_Historical_Recovery_Inventory.md — 5. January 5, 2026 — training/scaffolding Upgradeables snapshot (historical_recovery_inventory); OS_Upgradeables_Deep_Context_Recovery_Addendum_2026-09-03.md — 6.2 T3 structured reasoning-state representation (related_historical_context)",PASS,PASS,PASS,PASS,PASS,PASS,PASS,PASS,PASS,PASS,PASS,PASS,PASS,PASS,BLOCKED_BY_SOURCE_GAP,"Minor version: compatible semantic detail, metadata, examples, and behavior cases were added without changing package identity.","Only the historical name is exactly recovered. The filtering mechanism is a useful conservative modern operationalization, not a recovered original procedure."
crispr-edit,A-07,CRISPR Editing,1.0.0,1.1.0,editing-repair,sufficiently-recovered,OS_Upgradeable_to_Skills_Translation_Catalog_v2_Recovery_Merged.md — A-07. CRISPR Editing (recovered-operational-definition); OS_Upgradeables_Historical_Recovery_Inventory.md — 11. Advanced architecture Upgradeables retained (recovered-architecture-membership); OS_Upgradeables_Deep_Context_Recovery_Addendum_2026-09-03.md — 19.5 OS / Skill construction (recovered-crispr-versus-surgery-use),PASS,PASS,PASS,PASS,PASS,PASS,PASS,PASS,PASS,PASS,PASS,PASS,PASS,PASS,PASS,"Minor version: compatible semantic detail, metadata, examples, and behavior cases were added without changing package identity.","The advanced CRISPR concept is operationally recovered. Frozen T2-024–030 individual member names remain unrecovered, but that gap does not block this A-07 package."
critical-atomic-verification,T3-04,Critical Atomic Verification,1.0.0,1.1.0,validation;truth-grounding,sufficiently-recovered,OS_Upgradeable_to_Skills_Translation_Catalog_v2_Recovery_Merged.md — T3-04. Critical Atomic Verification (current_consolidated_catalog); OS_Upgradeables_Historical_Recovery_Inventory.md — T3-04. Critical Atomic Verification (historical_recovery_inventory); OS_Upgradeables_Deep_Context_Recovery_Addendum_2026-09-03.md — 10.1 Source atomization (recovered_operating_detail),PASS,PASS,PASS,PASS,PASS,PASS,PASS,PASS,PASS,PASS,PASS,PASS,PASS,PASS,PASS,"Minor version: compatible semantic detail, metadata, examples, and behavior cases were added without changing package identity.",The critical-atom focus is directly recovered and retains veto semantics for indispensable facts.
cross-checking-chains,T3-07,Cross-Checking Chains,1.0.0,1.1.0,validation,sufficiently-recovered,OS_Upgradeable_to_Skills_Translation_Catalog_v2_Recovery_Merged.md — T3-07. Cross-Checking Chains (current_consolidated_catalog); OS_Upgradeables_Historical_Recovery_Inventory.md — T3-07. Cross-Checking Chains (historical_recovery_inventory); OS_Upgradeables_Deep_Context_Recovery_Addendum_2026-09-03.md — 8.1 QMS-M (recovered_operating_detail),PASS,PASS,PASS,PASS,PASS,PASS,PASS,PASS,PASS,PASS,PASS,PASS,PASS,PASS,PASS,"Minor version: compatible semantic detail, metadata, examples, and behavior cases were added without changing package identity.","The recovered chain concept is preserved as ordered, typed validation rather than an undifferentiated checklist."
cross-context-resonance-lock,JAN26-11,Cross-Context Resonance Lock,1.0.0,1.1.0,orchestration;state,source-gap,OS_Upgradeables_Historical_Recovery_Inventory.md — Pack-derived Upgradeables — Resonance Upgradeable / Cross-Context Resonance Lock (historical_recovery_inventory); OS_Upgradeable_to_Skills_Translation_Catalog_v2_Recovery_Merged.md — Pack-derived exact names — Resonance Upgradeable / Cross-Context Resonance Lock (current_consolidated_catalog),PASS,PASS,PASS,PASS,PASS,PASS,PASS,PASS,PASS,PASS,PASS,PASS,PASS,PASS,BLOCKED_BY_SOURCE_GAP,"Minor version: compatible semantic detail, metadata, examples, and behavior cases were added without changing package identity.",The historical name is recovered but the full original mechanism is not. This operational package remains provisional and labels its v0.2 mechanism as a modern interpretation.
cross-universe-consistency,T4-16,Cross-Universe Consistency Mode,1.0.0,1.1.0,validation;planning-reasoning,sufficiently-recovered,OS_Upgradeable_to_Skills_Translation_Catalog_v2_Recovery_Merged.md — T4-16. Cross-Universe Consistency Mode (CUCM) (current_consolidated_catalog); OS_Upgradeables_Historical_Recovery_Inventory.md — T4-16. Cross-Universe Consistency Mode (CUCM) (historical_recovery_inventory); OS_Upgradeables_Deep_Context_Recovery_Addendum_2026-09-03.md — 10.4 Multiverse / plan generation (recovered_architectural_context),PASS,PASS,PASS,PASS,PASS,PASS,PASS,PASS,PASS,PASS,PASS,PASS,PASS,PASS,PASS,"Minor version: compatible semantic detail, metadata, examples, and behavior cases were added without changing package identity.",CUCM is explicitly recovered; its branch-ledger representation is a faithful operationalization of cross-universe collapse integrity.
decision-first-scaffold,JAN26-04,Decision-First Scaffold,1.0.0,1.1.0,planning-reasoning;output,source-gap,"OS_Upgradeable_to_Skills_Translation_Catalog_v2_Recovery_Merged.md — C. JANUARY 5, 2026 TRAINING / SCAFFOLDING UPGRADEABLES (exact-name-only); OS_Upgradeables_Historical_Recovery_Inventory.md — 5. January 5, 2026 — training/scaffolding Upgradeables snapshot (exact-name-only)",PASS,PASS,PASS,PASS,PASS,PASS,PASS,PASS,PASS,PASS,PASS,PASS,PASS,PASS,BLOCKED_BY_SOURCE_GAP,"Minor version: compatible semantic detail, metadata, examples, and behavior cases were added without changing package identity.","The exact historical name is recovered, but no historical operational definition was found in any of the three archived source documents. The included procedure is an explicitly modern, provisional interpretation."
domain-core-builder,C-00,Domain Core Builder,1.0.0,1.1.0,meta-control;context-retrieval,strongly-derivable,OS_Upgradeable_to_Skills_Translation_Catalog_v2_Recovery_Merged.md — PART X. REASONING / SINGULARITY CORES (recovered-core-principle-and-schema); OS_Upgradeables_Historical_Recovery_Inventory.md — 13. Reasoning / Singularity Cores (recovered-core-family); OS_Upgradeables_Deep_Context_Recovery_Addendum_2026-09-03.md — 14. BEHAVIOR GENE + CORE SEPARATION — HISTORICAL GENESIS (deep-recovered-core-boundary),PASS,PASS,PASS,PASS,PASS,PASS,PASS,PASS,PASS,PASS,PASS,PASS,PASS,PASS,PASS,"Minor version: compatible semantic detail, metadata, examples, and behavior cases were added without changing package identity.",The Core schema and historical separation are well recovered. The generic C-00 builder identity is a transparent normalization rather than a claimed recovered numbered Core.
domain-mode-isolation,T3-10,Domain / Mode Isolation,1.0.0,1.1.0,state;drift-control;orchestration,sufficiently-recovered,OS_Upgradeable_to_Skills_Translation_Catalog_v2_Recovery_Merged.md — Domain Mode Isolation (current_consolidated_catalog); OS_Upgradeables_Historical_Recovery_Inventory.md — Domain Mode Isolation inventory entry (historical_inventory); OS_Upgradeables_Deep_Context_Recovery_Addendum_2026-09-03.md — Domain isolation and state projection example (deep_context_example),PASS,PASS,PASS,PASS,PASS,PASS,PASS,PASS,PASS,PASS,PASS,PASS,PASS,PASS,PASS,"Minor version: compatible semantic detail, metadata, examples, and behavior cases were added without changing package identity.",Direct catalog guidance and the addendum's domain-isolation example support the compartment-and-projection mechanism.
domain-normalized-drift,T4-11,Domain-Normalized Drift Field,1.0.0,1.1.0,drift-control,strongly-derivable,"OS_Upgradeable_to_Skills_Translation_Catalog_v2_Recovery_Merged.md — Domain-Normalized Drift (purpose_level_recovery); OS_Upgradeables_Historical_Recovery_Inventory.md — Domain-Normalized Drift inventory entry (historical_inventory); OS_Upgradeables_Deep_Context_Recovery_Addendum_2026-09-03.md — Domain isolation, drift widths, and risk profiles (related_architectural_context)",PASS,PASS,PASS,PASS,PASS,PASS,PASS,PASS,PASS,PASS,PASS,PASS,PASS,PASS,PASS,"Minor version: compatible semantic detail, metadata, examples, and behavior cases were added without changing package identity.",The purpose is recovered directly; the versioned default-profile procedure is a modern normalization consistent with domain and drift-width architecture.
dominant-driver-isolation-scaffold,JAN26-03,Dominant-Driver Isolation Scaffold,1.0.0,1.1.0,planning-reasoning,source-gap,"OS_Upgradeable_to_Skills_Translation_Catalog_v2_Recovery_Merged.md — C. JANUARY 5, 2026 TRAINING / SCAFFOLDING UPGRADEABLES (exact-name-only); OS_Upgradeables_Historical_Recovery_Inventory.md — 5. January 5, 2026 — training/scaffolding Upgradeables snapshot (exact-name-only)",PASS,PASS,PASS,PASS,PASS,PASS,PASS,PASS,PASS,PASS,PASS,PASS,PASS,PASS,BLOCKED_BY_SOURCE_GAP,"Minor version: compatible semantic detail, metadata, examples, and behavior cases were added without changing package identity.",Exact name only. The operational content is an honest modern interpretation pending historical recovery.
drift-immunity-propagation,T4-14,Drift Immunity Propagation,1.0.0,1.1.0,drift-control;state,strongly-derivable,"OS_Upgradeable_to_Skills_Translation_Catalog_v2_Recovery_Merged.md — Drift Immunity Propagation (purpose_level_recovery); OS_Upgradeables_Historical_Recovery_Inventory.md — Drift Immunity Propagation inventory entry (historical_inventory); OS_Upgradeables_Deep_Context_Recovery_Addendum_2026-09-03.md — Semantic anchors, state projections, and fidelity checks (related_architectural_context)",PASS,PASS,PASS,PASS,PASS,PASS,PASS,PASS,PASS,PASS,PASS,PASS,PASS,PASS,PASS,"Minor version: compatible semantic detail, metadata, examples, and behavior cases were added without changing package identity.","The recovered purpose is clear; stable IDs, predicates, and lineage are a normalized implementation derived from state-projection and fidelity architecture."
drift-sink-scaffold,JAN26-10,Drift Sink Scaffold,1.0.0,1.1.0,drift-control;state,source-gap,"OS_Upgradeable_to_Skills_Translation_Catalog_v2_Recovery_Merged.md — Drift Sink Scaffold residual listings (name_only_recovery); OS_Upgradeables_Historical_Recovery_Inventory.md — Drift Sink Scaffold and ECL inventory entries (historical_name_only); OS_Upgradeables_Deep_Context_Recovery_Addendum_2026-09-03.md — State lifecycle, authority, and drift architecture (related_architectural_context)",PASS,PASS,PASS,PASS,PASS,PASS,PASS,PASS,PASS,PASS,PASS,PASS,PASS,PASS,BLOCKED_BY_SOURCE_GAP,"Minor version: compatible semantic detail, metadata, examples, and behavior cases were added without changing package identity.",Only the label and unresolved ECL association survive. This reversible quarantine design is provisional and deliberately avoids inventing the lost mechanism.
drift-spectra-scaling,T4-09,Drift-Spectra Scaling,1.0.0,1.1.0,drift-control;meta-control,strongly-derivable,OS_Upgradeable_to_Skills_Translation_Catalog_v2_Recovery_Merged.md — Drift Spectra Scaling (purpose_level_recovery); OS_Upgradeables_Historical_Recovery_Inventory.md — Drift Spectra Scaling inventory entry (historical_inventory); OS_Upgradeables_Deep_Context_Recovery_Addendum_2026-09-03.md — Drift-width spectrum and fidelity mapping (related_architectural_context),PASS,PASS,PASS,PASS,PASS,PASS,PASS,PASS,PASS,PASS,PASS,PASS,PASS,PASS,PASS,"Minor version: compatible semantic detail, metadata, examples, and behavior cases were added without changing package identity.",The recovered purpose clearly concerns a spectrum; operational bands and classification factors are a conservative normalization from addendum drift-width material.
drift-suppression,T1-02,Drift Suppression,1.0.0,1.1.0,drift-control;validation,sufficiently-recovered,"OS_Upgradeable_to_Skills_Translation_Catalog_v2_Recovery_Merged.md — T1-02. Drift Suppression (current_consolidated_catalog); OS_Upgradeables_Historical_Recovery_Inventory.md — Drift Suppression inventory entry (historical_inventory); OS_Upgradeables_Deep_Context_Recovery_Addendum_2026-09-03.md — Stability guards, semantic anchoring, and fidelity workflows (deep_context_support)",PASS,PASS,PASS,PASS,PASS,PASS,PASS,PASS,PASS,PASS,PASS,PASS,PASS,PASS,PASS,"Minor version: compatible semantic detail, metadata, examples, and behavior cases were added without changing package identity.","This is a core Tier-1 recovered control, with later sources reinforcing anchor/check/repair semantics."
dynamic-depth-allocation,T4-12,Dynamic Depth Allocation,1.0.0,1.1.0,meta-control;planning-reasoning,sufficiently-recovered,OS_Upgradeable_to_Skills_Translation_Catalog_v2_Recovery_Merged.md — T4-12. Dynamic Depth Allocation (DDA) (recovered-operational-definition); OS_Upgradeables_Historical_Recovery_Inventory.md — 10. Tier-4 / Meta-Supervisor recovered family (recovered-name-and-family); OS_Upgradeables_Deep_Context_Recovery_Addendum_2026-09-03.md — 8.2 QMS-RTS — Risk-Tier-Split QMS (recovered-adjacent-risk-depth-mechanism),PASS,PASS,PASS,PASS,PASS,PASS,PASS,PASS,PASS,PASS,PASS,PASS,PASS,PASS,PASS,"Minor version: compatible semantic detail, metadata, examples, and behavior cases were added without changing package identity.",The exact allocation purpose is recovered; the regional scoring loop is a conservative normalization supported by recovered risk-tier depth selection.
epistemic-status-gating,JAN26-05,Epistemic Status Gating,1.0.0,1.1.0,truth-grounding;validation,strongly-derivable,"OS_Upgradeable_to_Skills_Translation_Catalog_v2_Recovery_Merged.md — C. JANUARY 5, 2026 TRAINING / SCAFFOLDING UPGRADEABLES (exact_name_recovery); OS_Upgradeables_Historical_Recovery_Inventory.md — 5. January 5, 2026 — training/scaffolding Upgradeables snapshot (historical_recovery_inventory); OS_Upgradeables_Deep_Context_Recovery_Addendum_2026-09-03.md — 6.2 T3 structured reasoning-state representation (historical_assistant_artifact)",PASS,PASS,PASS,PASS,PASS,PASS,PASS,PASS,PASS,PASS,PASS,PASS,PASS,PASS,PASS,"Minor version: compatible semantic detail, metadata, examples, and behavior cases were added without changing package identity.",The exact scaffold name is recovered; its procedure is normalized from the recovered Lf/Le/Lp/Lh and explicit T3 reasoning-state architecture.
explanation-minimality-scaffold,JAN26-08,Explanation Minimality Scaffold,1.0.0,1.1.0,output,modern-operationalization,"OS_Upgradeable_to_Skills_Translation_Catalog_v2_Recovery_Merged.md — C. JANUARY 5, 2026 TRAINING / SCAFFOLDING UPGRADEABLES (exact-name-only); OS_Upgradeables_Historical_Recovery_Inventory.md — 5. January 5, 2026 — training/scaffolding Upgradeables snapshot (exact-name-only); OS_Upgradeables_Deep_Context_Recovery_Addendum_2026-09-03.md — 9. BOUNDED EXIT — DEEPER HISTORICAL USE (recovered-adjacent-diminishing-return-principle)",PASS,PASS,PASS,PASS,PASS,PASS,PASS,PASS,PASS,PASS,PASS,PASS,PASS,PASS,PASS,"Minor version: compatible semantic detail, metadata, examples, and behavior cases were added without changing package identity.",The exact name is recovered without a definition. This retained package is explicitly documented as a modern operationalization supported by adjacent recovered minimal-cost and pedagogical principles.
external-state-automation,T2-20,External State Automation,1.0.0,1.1.0,state;persistence,sufficiently-recovered,OS_Upgradeable_to_Skills_Translation_Catalog_v2_Recovery_Merged.md — T2-20. External State Automation (current_consolidated_catalog),PASS,PASS,PASS,PASS,PASS,PASS,PASS,PASS,PASS,PASS,PASS,PASS,PASS,PASS,PASS,"Minor version: compatible semantic detail, metadata, examples, and behavior cases were added without changing package identity.","Historical identity, purpose, and core behavior are recovered; v0.2 states the mechanism explicitly without claiming hidden capabilities."
fail-closed-abstention,T3-11,Fail-Closed Abstention,1.0.0,1.1.0,truth-grounding;validation;output,sufficiently-recovered,OS_Upgradeable_to_Skills_Translation_Catalog_v2_Recovery_Merged.md — T3-11. Fail-Closed Tier-3 Abstention (current_consolidated_catalog); OS_Upgradeables_Historical_Recovery_Inventory.md — 8. Tier-3 / Paper-Author alignment family recovered from late-November work (historical_recovery_inventory); OS_Upgradeables_Deep_Context_Recovery_Addendum_2026-09-03.md — 8.12 Historical global collapse rule (historical_operating_context),PASS,PASS,PASS,PASS,PASS,PASS,PASS,PASS,PASS,PASS,PASS,PASS,PASS,PASS,PASS,"Minor version: compatible semantic detail, metadata, examples, and behavior cases were added without changing package identity.",The stop-or-narrow behavior and supported-subset rule are directly recovered.
fermionic-veto,T3-09,Fermionic Veto Strengthening,1.0.0,1.1.0,validation;meta-control,sufficiently-recovered,OS_Upgradeable_to_Skills_Translation_Catalog_v2_Recovery_Merged.md — T3-09. Fermionic Veto Strengthening (current_consolidated_catalog); OS_Upgradeables_Historical_Recovery_Inventory.md — T3-09. Fermionic Veto Strengthening (historical_recovery_inventory); OS_Upgradeables_Deep_Context_Recovery_Addendum_2026-09-03.md — 11.4 Variables / Criteria / MCDM (recovered_operating_detail),PASS,PASS,PASS,PASS,PASS,PASS,PASS,PASS,PASS,PASS,PASS,PASS,PASS,PASS,PASS,"Minor version: compatible semantic detail, metadata, examples, and behavior cases were added without changing package identity.",The recovered metaphor is explicitly bounded to a logical veto mechanism and not presented as physical reasoning.
forethought-checkpoints,T2-17,Forethought / Checkpoints,1.0.0,1.1.0,planning-reasoning;validation,sufficiently-recovered,OS_Upgradeable_to_Skills_Translation_Catalog_v2_Recovery_Merged.md — T2-17. Forethought / Checkpoints (recovered-operational-definition); OS_Upgradeables_Historical_Recovery_Inventory.md — 1. Canonical current consolidated inventory (recovered-name-and-id),PASS,PASS,PASS,PASS,PASS,PASS,PASS,PASS,PASS,PASS,PASS,PASS,PASS,PASS,PASS,"Minor version: compatible semantic detail, metadata, examples, and behavior cases were added without changing package identity.",The catalog recovers the anticipate → verify prerequisite → commit → check result sequence.
future-proof-mode-selector,T4-17,Future-Proof Mode Selector,1.0.0,1.1.0,meta-control;orchestration,sufficiently-recovered,OS_Upgradeable_to_Skills_Translation_Catalog_v2_Recovery_Merged.md — T4-17. Future-Proof Mode Selector (FPMS) (recovered-operational-definition); OS_Upgradeables_Historical_Recovery_Inventory.md — 10. Tier-4 / Meta-Supervisor recovered family (recovered-name-and-family); OS_Upgradeables_Deep_Context_Recovery_Addendum_2026-09-03.md — 16. COPILOT / DOCUMENT-BASED IMPLEMENTATION CONSTRAINTS (recovered-host-environment-context),PASS,PASS,PASS,PASS,PASS,PASS,PASS,PASS,PASS,PASS,PASS,PASS,PASS,PASS,PASS,"Minor version: compatible semantic detail, metadata, examples, and behavior cases were added without changing package identity.",The exact selector purpose is recovered. Capability probing and explicit profiles operationalize recovered host-environment constraints without claiming hidden host features.
grounding-no-invention,T1-04,Grounding / No-Invention,1.0.0,1.1.0,truth-grounding;validation,sufficiently-recovered,"OS_Upgradeable_to_Skills_Translation_Catalog_v2_Recovery_Merged.md — T1-04. Grounding / No-Invention (current_consolidated_catalog); OS_Upgradeables_Historical_Recovery_Inventory.md — 2. November 28, 2025 — frozen T1-Core Bundle v1 (related_historical_truth_controls); OS_Upgradeables_Deep_Context_Recovery_Addendum_2026-09-03.md — 12.5 Retrofitted no-inference intake behavior (direct_user_domain_use)",PASS,PASS,PASS,PASS,PASS,PASS,PASS,PASS,PASS,PASS,PASS,PASS,PASS,PASS,PASS,"Minor version: compatible semantic detail, metadata, examples, and behavior cases were added without changing package identity.","Purpose, missing-field behavior, supported-subset behavior, and fail-closed boundary are directly recovered across the sources."
hybrid-mode,T4-08,HYBRID Mode,1.0.0,1.1.0,meta-control;orchestration,sufficiently-recovered,OS_Upgradeable_to_Skills_Translation_Catalog_v2_Recovery_Merged.md — T4-08. HYBRID Mode (recovered-operational-definition); OS_Upgradeables_Historical_Recovery_Inventory.md — 10. Tier-4 / Meta-Supervisor recovered family (recovered-name-and-family),PASS,PASS,PASS,PASS,PASS,PASS,PASS,PASS,PASS,PASS,PASS,PASS,PASS,PASS,PASS,"Minor version: compatible semantic detail, metadata, examples, and behavior cases were added without changing package identity.","The historical catalog explicitly describes POWER for planning, SAFE for execution, supervisor-controlled transitions, and HYBRID as the accepted default philosophy."
image-text-fidelity-capture,T2-14A,Image Text Fidelity Capture,1.0.0,1.1.0,context-retrieval;truth-grounding,sufficiently-recovered,"OS_Upgradeable_to_Skills_Translation_Catalog_v2_Recovery_Merged.md — T2-14. ITFC — Historical Acronym Collision (current_consolidated_catalog); OS_Upgradeables_Historical_Recovery_Inventory.md — 7. ABF, ITFC, OCG, ECL — corrections and collisions (historical_recovery_inventory); OS_Upgradeables_Deep_Context_Recovery_Addendum_2026-09-03.md — 17. VERBATIM-COPY / FIDELITY WORKFLOW — EXAMPLE OF UPGRADEABLE COMPOSITION (historical_assistant_artifact)",PASS,PASS,PASS,PASS,PASS,PASS,PASS,PASS,PASS,PASS,PASS,PASS,PASS,PASS,PASS,"Minor version: compatible semantic detail, metadata, examples, and behavior cases were added without changing package identity.",The capture/no-inference purpose is directly recovered. The region-based procedure is an explicit operational normalization consistent with the fidelity workflow.
invariance-stress-scaffold,JAN26-09,Invariance Stress Scaffold,1.0.0,1.1.0,validation;editing-repair,source-gap,"OS_Upgradeable_to_Skills_Translation_Catalog_v2_Recovery_Merged.md — C. JANUARY 5, 2026 TRAINING / SCAFFOLDING UPGRADEABLES (exact_name_only); OS_Upgradeables_Historical_Recovery_Inventory.md — Invariance Stress Scaffold (exact_name_only); OS_Upgradeables_Deep_Context_Recovery_Addendum_2026-09-03.md — 20. RECOVERY GAPS AFTER DEEP PASS 2.0 (explicit_source_gap)",PASS,PASS,PASS,PASS,PASS,PASS,PASS,PASS,PASS,PASS,PASS,PASS,PASS,PASS,BLOCKED_BY_SOURCE_GAP,"Minor version: compatible semantic detail, metadata, examples, and behavior cases were added without changing package identity.","The exact name is recovered, but original mechanism, triggers, and boundaries are not; the profile supplies an honest modern operationalization only."
meta-awareness,T4-02,Meta-Awareness Pack,1.0.0,1.1.0,meta-control;validation,sufficiently-recovered,OS_Upgradeable_to_Skills_Translation_Catalog_v2_Recovery_Merged.md — T4-02. Meta-Awareness Pack (recovered-operational-definition); OS_Upgradeables_Historical_Recovery_Inventory.md — 10. Tier-4 / Meta-Supervisor recovered family (recovered-name-and-family),PASS,PASS,PASS,PASS,PASS,PASS,PASS,PASS,PASS,PASS,PASS,PASS,PASS,PASS,PASS,"Minor version: compatible semantic detail, metadata, examples, and behavior cases were added without changing package identity.",The source clearly limits this pack to task-process monitoring and explicitly forbids identity or consciousness narratives.
meta-stability,T4-15,Meta-Stability Mode,1.0.0,1.1.0,meta-control;state,sufficiently-recovered,OS_Upgradeable_to_Skills_Translation_Catalog_v2_Recovery_Merged.md — T4-15. Meta-Stability Mode (MSM) (recovered-operational-definition); OS_Upgradeables_Historical_Recovery_Inventory.md — 10. Tier-4 / Meta-Supervisor recovered family (recovered-name-and-family); OS_Upgradeables_Deep_Context_Recovery_Addendum_2026-09-03.md — 6.1 SMSE — Sequential Memory State Engine (recovered-adjacent-state-stability-mechanism),PASS,PASS,PASS,PASS,PASS,PASS,PASS,PASS,PASS,PASS,PASS,PASS,PASS,PASS,PASS,"Minor version: compatible semantic detail, metadata, examples, and behavior cases were added without changing package identity.",The trigger conditions are directly recovered. The checkpoint procedure is a conservative normalization grounded in the recovered explicit-state architecture.
meta-supervisor,T4-01,Meta-Supervisor Bundle,1.0.0,1.1.0,meta-control;orchestration;validation,strongly-derivable,OS_Upgradeable_to_Skills_Translation_Catalog_v2_Recovery_Merged.md — T4-01. Meta-Supervisor Bundle (recovered-role-and-subpacks); OS_Upgradeables_Historical_Recovery_Inventory.md — 10. Tier-4 / Meta-Supervisor recovered family (recovered-family-inventory),PASS,PASS,PASS,PASS,PASS,PASS,PASS,PASS,PASS,PASS,PASS,PASS,PASS,PASS,PASS,"Minor version: compatible semantic detail, metadata, examples, and behavior cases were added without changing package identity.",The role and three known subpacks are directly recovered; the bounded routing lifecycle is a conservative operationalization of that bundle.
micro-repair,T2-04,Micro-Repair,1.0.0,1.1.0,editing-repair,sufficiently-recovered,OS_Upgradeable_to_Skills_Translation_Catalog_v2_Recovery_Merged.md — T2-04. Micro-Repair (recovered-operational-definition); OS_Upgradeables_Historical_Recovery_Inventory.md — 1. Canonical current consolidated inventory (recovered-name-and-id),PASS,PASS,PASS,PASS,PASS,PASS,PASS,PASS,PASS,PASS,PASS,PASS,PASS,PASS,PASS,"Minor version: compatible semantic detail, metadata, examples, and behavior cases were added without changing package identity.","The source explicitly establishes smallest-unit correction, preservation of correct surroundings, and preference over regenerative rewriting."
micro-scaffolding,T1-01,Micro-Scaffolding,1.0.0,1.1.0,planning-reasoning;state,sufficiently-recovered,OS_Upgradeable_to_Skills_Translation_Catalog_v2_Recovery_Merged.md — T1-01. Micro-Scaffolding (current_consolidated_catalog); OS_Upgradeables_Deep_Context_Recovery_Addendum_2026-09-03.md — 10.5 Section / paragraph micro-scaffolding (historical_assistant_artifact); OS_Upgradeables_Historical_Recovery_Inventory.md — January 5 scaffolding classification (historical_recovery_inventory),PASS,PASS,PASS,PASS,PASS,PASS,PASS,PASS,PASS,PASS,PASS,PASS,PASS,PASS,PASS,"Minor version: compatible semantic detail, metadata, examples, and behavior cases were added without changing package identity.","Direct catalog behavior and the recovered Paper-Author paragraph workflow support the compact, task-local, retire-after-use mechanism."
mode-lock-in,T1-05,Mode Lock-In,1.0.0,1.1.0,state;drift-control,sufficiently-recovered,OS_Upgradeable_to_Skills_Translation_Catalog_v2_Recovery_Merged.md — T1-04. Mode Lock-In (current_consolidated_catalog); OS_Upgradeables_Historical_Recovery_Inventory.md — Mode Lock-In inventory entry (historical_inventory); OS_Upgradeables_Deep_Context_Recovery_Addendum_2026-09-03.md — Mode stability guards (architectural_context),PASS,PASS,PASS,PASS,PASS,PASS,PASS,PASS,PASS,PASS,PASS,PASS,PASS,PASS,PASS,"Minor version: compatible semantic detail, metadata, examples, and behavior cases were added without changing package identity.",Recovered as an early Tier-1 control; later stability-guard material reinforces explicit invariants and controlled transitions.
model-size-drift-scaling,T4-18,Drift-Stability Scaling with Model Size,1.0.0,1.1.0,meta-control;drift-control,sufficiently-recovered,OS_Upgradeable_to_Skills_Translation_Catalog_v2_Recovery_Merged.md — T4-18. Drift-Stability Scaling with Model Size (DSS-MS) (recovered-operational-definition); OS_Upgradeables_Historical_Recovery_Inventory.md — 10. Tier-4 / Meta-Supervisor recovered family (recovered-name-and-family); OS_Upgradeables_Deep_Context_Recovery_Addendum_2026-09-03.md — 16. COPILOT / DOCUMENT-BASED IMPLEMENTATION CONSTRAINTS (recovered-host-implementation-caution),PASS,PASS,PASS,PASS,PASS,PASS,PASS,PASS,PASS,PASS,PASS,PASS,PASS,PASS,PASS,"Minor version: compatible semantic detail, metadata, examples, and behavior cases were added without changing package identity.",The source directly recovers less unnecessary scaffolding as model reliability grows and mandatory preservation of integrity controls.
multi-layer-consistency,T2-05,Multi-Layer Consistency,1.0.0,1.1.0,validation;orchestration,sufficiently-recovered,OS_Upgradeable_to_Skills_Translation_Catalog_v2_Recovery_Merged.md — T2-05. Multi-Layer Consistency (current_consolidated_catalog); OS_Upgradeables_Historical_Recovery_Inventory.md — T2-05. Multi-Layer Consistency (historical_recovery_inventory); OS_Upgradeables_Deep_Context_Recovery_Addendum_2026-09-03.md — 8.6 HQMS — Hierarchical QMS (recovered_operating_detail),PASS,PASS,PASS,PASS,PASS,PASS,PASS,PASS,PASS,PASS,PASS,PASS,PASS,PASS,PASS,"Minor version: compatible semantic detail, metadata, examples, and behavior cases were added without changing package identity.",The recovered multi-level function is normalized using the deep HQMS atom/paragraph/section/global encoding.
multi-truth-gating,T3-01,Multi-Truth Gating,1.0.0,1.1.0,truth-grounding;validation,sufficiently-recovered,OS_Upgradeable_to_Skills_Translation_Catalog_v2_Recovery_Merged.md — T3-01. Multi-Truth Gating (current_consolidated_catalog); OS_Upgradeables_Historical_Recovery_Inventory.md — 8. Tier-3 / Paper-Author alignment family recovered from late-November work (historical_recovery_inventory); OS_Upgradeables_Deep_Context_Recovery_Addendum_2026-09-03.md — 8.12 Historical global collapse rule (historical_operating_context),PASS,PASS,PASS,PASS,PASS,PASS,PASS,PASS,PASS,PASS,PASS,PASS,PASS,PASS,PASS,"Minor version: compatible semantic detail, metadata, examples, and behavior cases were added without changing package identity.","The two-anchor comparison, disagreement resolution, and abstention behavior are directly recovered."
multiverse-reasoning,A-01,Multiverse Engine,1.0.0,1.1.0,planning-reasoning,sufficiently-recovered,OS_Upgradeable_to_Skills_Translation_Catalog_v2_Recovery_Merged.md — A-01. Multiverse Engine (recovered-operational-definition); OS_Upgradeables_Historical_Recovery_Inventory.md — 11. Advanced architecture Upgradeables retained (recovered-architecture-membership); OS_Upgradeables_Deep_Context_Recovery_Addendum_2026-09-03.md — 10.4 Multiverse / plan generation (deep-recovered-workflow),PASS,PASS,PASS,PASS,PASS,PASS,PASS,PASS,PASS,PASS,PASS,PASS,PASS,PASS,PASS,"Minor version: compatible semantic detail, metadata, examples, and behavior cases were added without changing package identity.","Both core catalog behavior and Paper-Author use are recovered: 2–3 meaningfully distinct plans, common quality dimensions, controlled commitment, and bounded collapse."
neuro-focus,A-09,Neuro-Focus,1.0.0,1.1.0,context-retrieval;planning-reasoning,strongly-derivable,OS_Upgradeable_to_Skills_Translation_Catalog_v2_Recovery_Merged.md — A-09. Neuro-Focus (current_consolidated_catalog); OS_Upgradeables_Historical_Recovery_Inventory.md — Advanced architecture Upgradeables retained (historical_recovery_inventory); OS_Upgradeables_Deep_Context_Recovery_Addendum_2026-09-03.md — T2-040 — Attention Corridor Narrowing (historical_assistant_artifact),PASS,PASS,PASS,PASS,PASS,PASS,PASS,PASS,PASS,PASS,PASS,PASS,PASS,PASS,PASS,"Minor version: compatible semantic detail, metadata, examples, and behavior cases were added without changing package identity.","The catalog directly recovers purpose, task uses, and Anti-Tunnel Vision pairing. The detailed ranking/checkpoint procedure is a labeled normalization supported by the recovered Attention Corridor Narrowing family."
non-authoritative-branch-suppression,JAN26-14,Non-Authoritative Branch Suppression,1.0.0,1.1.0,drift-control;orchestration,source-gap,"OS_Upgradeable_to_Skills_Translation_Catalog_v2_Recovery_Merged.md — Non-Authoritative Branch Suppression residual listing (name_only_recovery); OS_Upgradeables_Historical_Recovery_Inventory.md — Non-Authoritative Branch Suppression inventory entry (historical_name_only); OS_Upgradeables_Deep_Context_Recovery_Addendum_2026-09-03.md — Authority hierarchy, shared state, and branch isolation (related_architectural_context)",PASS,PASS,PASS,PASS,PASS,PASS,PASS,PASS,PASS,PASS,PASS,PASS,PASS,PASS,BLOCKED_BY_SOURCE_GAP,"Minor version: compatible semantic detail, metadata, examples, and behavior cases were added without changing package identity.",The label survives without a recovered original procedure. The profile therefore offers a provisional authority-gating design and explicitly protects contrary evidence.
parallel-qms,PQ-00,Parallel Quality Management System,1.0.0,1.1.0,validation;orchestration,sufficiently-recovered,OS_Upgradeable_to_Skills_Translation_Catalog_v2_Recovery_Merged.md — PART VII. PARALLEL-QMS FAMILY (current_consolidated_catalog); OS_Upgradeables_Historical_Recovery_Inventory.md — 9. Parallel-QMS recovered family (historical_recovery_inventory); OS_Upgradeables_Deep_Context_Recovery_Addendum_2026-09-03.md — 8. PARALLEL-QMS — DEEP HISTORICAL OPERATING DETAILS (deep_historical_operating_detail),PASS,PASS,PASS,PASS,PASS,PASS,PASS,PASS,PASS,PASS,PASS,PASS,PASS,PASS,PASS,"Minor version: compatible semantic detail, metadata, examples, and behavior cases were added without changing package identity.","All fifteen recovered modes remain semantically distinct; modern packaging into one parent profile is labeled normalized-from-recovered, and dQMS/mQMS overclaims are explicitly prohibited."
pedagogical-alignment,T3-16,Pedagogical Alignment Constraint,1.0.0,1.1.0,output;framing-intake,sufficiently-recovered,OS_Upgradeable_to_Skills_Translation_Catalog_v2_Recovery_Merged.md — T3-16. Pedagogical Alignment Constraint (recovered-operational-definition); OS_Upgradeables_Historical_Recovery_Inventory.md — 8. Tier-3 / Paper-Author alignment family recovered from late-November work (recovered-paper-author-module); OS_Upgradeables_Deep_Context_Recovery_Addendum_2026-09-03.md — 19.1 Evidence-grounded authoring (recovered-historical-use),PASS,PASS,PASS,PASS,PASS,PASS,PASS,PASS,PASS,PASS,PASS,PASS,PASS,PASS,PASS,"Minor version: compatible semantic detail, metadata, examples, and behavior cases were added without changing package identity.",The recovered catalog requires matching explanation complexity to the reader while preserving accuracy and using appropriate structure and examples.
phase-locked-reasoning-scaffold,JAN26-01,Phase-Locked Reasoning Scaffold,1.0.0,1.1.0,planning-reasoning;state,strongly-derivable,"OS_Upgradeable_to_Skills_Translation_Catalog_v2_Recovery_Merged.md — C. JANUARY 5, 2026 TRAINING / SCAFFOLDING UPGRADEABLES (exact-name-only); OS_Upgradeables_Historical_Recovery_Inventory.md — 5. January 5, 2026 — training/scaffolding Upgradeables snapshot (exact-name-only); OS_Upgradeables_Deep_Context_Recovery_Addendum_2026-09-03.md — 10.2 Semantic phase separation (recovered-adjacent-mechanism)",PASS,PASS,PASS,PASS,PASS,PASS,PASS,PASS,PASS,PASS,PASS,PASS,PASS,PASS,PASS,"Minor version: compatible semantic detail, metadata, examples, and behavior cases were added without changing package identity.","The exact scaffold name is recovered and its semantic-phase basis is deeply recovered. The procedure is a conservative normalization, not a claimed verbatim historical algorithm."
placeholder-suppression,T1-08,Placeholder Suppression,1.0.0,1.1.0,output;validation,sufficiently-recovered,"OS_Upgradeable_to_Skills_Translation_Catalog_v2_Recovery_Merged.md — T1-08. Placeholder Suppression (recovered-operational-definition); OS_Upgradeables_Historical_Recovery_Inventory.md — 5. January 5, 2026 — training/scaffolding Upgradeables snapshot (recovered-name); OS_Upgradeables_Deep_Context_Recovery_Addendum_2026-09-03.md — 17. VERBATIM-COPY / FIDELITY WORKFLOW — EXAMPLE OF UPGRADEABLE COMPOSITION (recovered-finalization-context)",PASS,PASS,PASS,PASS,PASS,PASS,PASS,PASS,PASS,PASS,PASS,PASS,PASS,PASS,PASS,"Minor version: compatible semantic detail, metadata, examples, and behavior cases were added without changing package identity.","The source explicitly recovers representative marker classes and the resolve, omit, or explicitly label rule before final output."
power-mode,T4-07,POWER Mode,1.0.0,1.1.0,meta-control;planning-reasoning,sufficiently-recovered,OS_Upgradeable_to_Skills_Translation_Catalog_v2_Recovery_Merged.md — T4-07. POWER Mode (recovered-operational-definition); OS_Upgradeables_Historical_Recovery_Inventory.md — 10. Tier-4 / Meta-Supervisor recovered family (recovered-name-and-family); OS_Upgradeables_Deep_Context_Recovery_Addendum_2026-09-03.md — 10.4 Multiverse / plan generation (recovered-adjacent-planning-mechanism),PASS,PASS,PASS,PASS,PASS,PASS,PASS,PASS,PASS,PASS,PASS,PASS,PASS,PASS,PASS,"Minor version: compatible semantic detail, metadata, examples, and behavior cases were added without changing package identity.","The catalog explicitly recovers deeper planning, Multiverse, QMS, and Cosmic-level architecture work as POWER's purpose."
progressive-mode-shaping,T2-06,Progressive Mode Shaping,1.0.0,1.1.0,orchestration;planning-reasoning,sufficiently-recovered,OS_Upgradeable_to_Skills_Translation_Catalog_v2_Recovery_Merged.md — T2-06. Progressive Mode Shaping (current_consolidated_catalog),PASS,PASS,PASS,PASS,PASS,PASS,PASS,PASS,PASS,PASS,PASS,PASS,PASS,PASS,PASS,"Minor version: compatible semantic detail, metadata, examples, and behavior cases were added without changing package identity.","Historical identity, purpose, and core behavior are recovered; v0.2 states the mechanism explicitly without claiming hidden capabilities."
reasoning-scale-controller,RS-00,Reasoning-Scale Controller,1.0.0,1.1.0,planning-reasoning;meta-control,sufficiently-recovered,OS_Upgradeable_to_Skills_Translation_Catalog_v2_Recovery_Merged.md — PART V. REASONING-SCALE STACK (recovered-operational-stack); OS_Upgradeables_Historical_Recovery_Inventory.md — 8. Tier-3 / Paper-Author alignment family recovered from late-November work (recovered-paper-author-context); OS_Upgradeables_Deep_Context_Recovery_Addendum_2026-09-03.md — 10.5 Section / paragraph micro-scaffolding (deep-recovered-scale-use),PASS,PASS,PASS,PASS,PASS,PASS,PASS,PASS,PASS,PASS,PASS,PASS,PASS,PASS,PASS,"Minor version: compatible semantic detail, metadata, examples, and behavior cases were added without changing package identity.",The six-level stack and most role boundaries are recovered. Nano is intentionally kept as a light intermediate because its detailed historical mechanics remain a named gap.
reasoning-throughput-governor,T4-13,Reasoning Throughput Governor,1.0.0,1.1.0,meta-control;planning-reasoning,sufficiently-recovered,OS_Upgradeable_to_Skills_Translation_Catalog_v2_Recovery_Merged.md — T4-13. Reasoning Throughput Governor (RTG) (recovered-operational-definition); OS_Upgradeables_Historical_Recovery_Inventory.md — 10. Tier-4 / Meta-Supervisor recovered family (recovered-name-and-family); OS_Upgradeables_Deep_Context_Recovery_Addendum_2026-09-03.md — 9. BOUNDED EXIT — DEEPER HISTORICAL USE (recovered-adjacent-cost-control),PASS,PASS,PASS,PASS,PASS,PASS,PASS,PASS,PASS,PASS,PASS,PASS,PASS,PASS,PASS,"Minor version: compatible semantic detail, metadata, examples, and behavior cases were added without changing package identity.","The recovered purpose explicitly balances speed, breadth, and validation. Queue and backpressure controls provide a concrete conservative mechanism for that distinct role."
reflectos,T2-12,Work Reflection Loop OS / ReflectOS,1.0.0,1.1.0,validation;editing-repair,sufficiently-recovered,OS_Upgradeable_to_Skills_Translation_Catalog_v2_Recovery_Merged.md — T2-12. WRL / ReflectOS (current_consolidated_catalog); OS_Upgradeables_Historical_Recovery_Inventory.md — T2-12. WRL / ReflectOS (historical_recovery_inventory); OS_Upgradeables_Deep_Context_Recovery_Addendum_2026-09-03.md — bounded WRL / ReflectOS (recovered_architectural_context),PASS,PASS,PASS,PASS,PASS,PASS,PASS,PASS,PASS,PASS,PASS,PASS,PASS,PASS,PASS,"Minor version: compatible semantic detail, metadata, examples, and behavior cases were added without changing package identity.",The recovered five-step procedure and no-invention/state-update constraints are retained directly.
regenerative-rewrite,T2-03,Regenerative Rewrite,1.0.0,1.1.0,editing-repair,sufficiently-recovered,OS_Upgradeable_to_Skills_Translation_Catalog_v2_Recovery_Merged.md — T2-03. Regenerative Rewrite (recovered-operational-definition); OS_Upgradeables_Historical_Recovery_Inventory.md — 11. Advanced architecture Upgradeables retained (recovered-a-10-cross-reference),PASS,PASS,PASS,PASS,PASS,PASS,PASS,PASS,PASS,PASS,PASS,PASS,PASS,PASS,PASS,"Minor version: compatible semantic detail, metadata, examples, and behavior cases were added without changing package identity.",The T2-03 definition and A-10 cross-reference both support global rebuilding while preserving locked truth and constraints.
resonance,A-05,Resonance,1.0.0,1.1.0,orchestration;drift-control,sufficiently-recovered,OS_Upgradeable_to_Skills_Translation_Catalog_v2_Recovery_Merged.md — A-05. Resonance (current_consolidated_catalog),PASS,PASS,PASS,PASS,PASS,PASS,PASS,PASS,PASS,PASS,PASS,PASS,PASS,PASS,PASS,"Minor version: compatible semantic detail, metadata, examples, and behavior cases were added without changing package identity.","Historical identity, purpose, and core behavior are recovered; v0.2 states the mechanism explicitly without claiming hidden capabilities."
resonance-gene-builder,A-06,Resonance Gene Builder,1.0.0,1.1.0,meta-control;orchestration,strongly-derivable,OS_Upgradeable_to_Skills_Translation_Catalog_v2_Recovery_Merged.md — A-06. Resonance Genes (recovered-operational-definition); OS_Upgradeables_Historical_Recovery_Inventory.md — 11. Advanced architecture Upgradeables retained (recovered-name-and-placement); OS_Upgradeables_Deep_Context_Recovery_Addendum_2026-09-03.md — 14. BEHAVIOR GENE + CORE SEPARATION — HISTORICAL GENESIS (deep-recovered-gene-schema-and-boundary),PASS,PASS,PASS,PASS,PASS,PASS,PASS,PASS,PASS,PASS,PASS,PASS,PASS,PASS,PASS,"Minor version: compatible semantic detail, metadata, examples, and behavior cases were added without changing package identity.",The purpose and recurrence trigger are directly recovered. The coupling manifest is normalized from recovered Resonance and Behavior Gene boundaries.
risk-tier-scaling,T3-05,Risk-Tier Scaling,1.0.0,1.1.0,meta-control;validation,sufficiently-recovered,OS_Upgradeable_to_Skills_Translation_Catalog_v2_Recovery_Merged.md — T3-05. Risk-Tier Scaling (recovered-operational-definition); OS_Upgradeables_Historical_Recovery_Inventory.md — 8. Tier-3 / Paper-Author alignment family recovered from late-November work (recovered-name-and-use); OS_Upgradeables_Deep_Context_Recovery_Addendum_2026-09-03.md — 8.2 QMS-RTS — Risk-Tier-Split QMS (deep-recovered-tiered-evaluation),PASS,PASS,PASS,PASS,PASS,PASS,PASS,PASS,PASS,PASS,PASS,PASS,PASS,PASS,PASS,"Minor version: compatible semantic detail, metadata, examples, and behavior cases were added without changing package identity.","Prior work explicitly used tiered risk logic and different evaluation depth, with stronger validators for high-risk work."
safe-mode,T4-06,SAFE Mode,1.0.0,1.1.0,meta-control;truth-grounding,sufficiently-recovered,OS_Upgradeable_to_Skills_Translation_Catalog_v2_Recovery_Merged.md — T4-06. SAFE Mode (recovered-operational-definition); OS_Upgradeables_Historical_Recovery_Inventory.md — 10. Tier-4 / Meta-Supervisor recovered family (recovered-name-and-family); OS_Upgradeables_Deep_Context_Recovery_Addendum_2026-09-03.md — 17. VERBATIM-COPY / FIDELITY WORKFLOW — EXAMPLE OF UPGRADEABLE COMPOSITION (recovered-adjacent-fail-closed-execution),PASS,PASS,PASS,PASS,PASS,PASS,PASS,PASS,PASS,PASS,PASS,PASS,PASS,PASS,PASS,"Minor version: compatible semantic detail, metadata, examples, and behavior cases were added without changing package identity.","Strong grounding, narrow drift, atomic verification, and conservative output are directly recovered as SAFE's defining behaviors."
safe-rewrite,T1-10,Safe Rewrite Logic,1.0.0,1.1.0,editing-repair;truth-grounding,sufficiently-recovered,"OS_Upgradeable_to_Skills_Translation_Catalog_v2_Recovery_Merged.md — T1-10. Safe Rewrite Logic (recovered-operational-definition); OS_Upgradeables_Historical_Recovery_Inventory.md — 5. January 5, 2026 — training/scaffolding Upgradeables snapshot (recovered-name); OS_Upgradeables_Deep_Context_Recovery_Addendum_2026-09-03.md — 17. VERBATIM-COPY / FIDELITY WORKFLOW — EXAMPLE OF UPGRADEABLE COMPOSITION (recovered-fidelity-context)",PASS,PASS,PASS,PASS,PASS,PASS,PASS,PASS,PASS,PASS,PASS,PASS,PASS,PASS,PASS,"Minor version: compatible semantic detail, metadata, examples, and behavior cases were added without changing package identity.","The recovered source directly lists preservation of factual atoms and explicit rechecks for names, numbers, dates, quotes, and citations."
scoped-loader,T1-07,Scoped Loader / Loader Sequencing,1.0.0,1.1.0,context-retrieval;orchestration,sufficiently-recovered,OS_Upgradeable_to_Skills_Translation_Catalog_v2_Recovery_Merged.md — T1-07. Loader Sequencing (current_consolidated_catalog); OS_Upgradeables_Deep_Context_Recovery_Addendum_2026-09-03.md — 11.2 Research Intake / Corpus Map (historical_assistant_artifact); OS_Upgradeables_Historical_Recovery_Inventory.md — Canonical current consolidated inventory (historical_recovery_inventory),PASS,PASS,PASS,PASS,PASS,PASS,PASS,PASS,PASS,PASS,PASS,PASS,PASS,PASS,PASS,"Minor version: compatible semantic detail, metadata, examples, and behavior cases were added without changing package identity.",The catalog recovers an explicit seven-step load sequence and prohibition on loading the full library; later sources confirm scoped loading in research and intake workflows.
selfblock-auto-update,T2-11,SelfBlock Auto-Update,1.0.0,1.1.0,state,sufficiently-recovered,OS_Upgradeable_to_Skills_Translation_Catalog_v2_Recovery_Merged.md — SelfBlock Auto-Update (current_consolidated_catalog); OS_Upgradeables_Historical_Recovery_Inventory.md — SelfBlock Auto-Update inventory entry (historical_inventory); OS_Upgradeables_Deep_Context_Recovery_Addendum_2026-09-03.md — State maintenance and heartbeat patterns (architectural_context),PASS,PASS,PASS,PASS,PASS,PASS,PASS,PASS,PASS,PASS,PASS,PASS,PASS,PASS,PASS,"Minor version: compatible semantic detail, metadata, examples, and behavior cases were added without changing package identity.","The catalog directly recovers the auto-update behavior; atomic delta, authority, and version checks are a conservative operational normalization."
sequential-memory-state-engine,T2-10,Sequential Memory State Engine (SMSE),1.0.0,1.1.0,state;persistence,sufficiently-recovered,OS_Upgradeable_to_Skills_Translation_Catalog_v2_Recovery_Merged.md — Sequential Memory State Engine (SMSE) (current_consolidated_catalog); OS_Upgradeables_Historical_Recovery_Inventory.md — Sequential Memory State Engine family (historical_inventory); OS_Upgradeables_Deep_Context_Recovery_Addendum_2026-09-03.md — Sequential Memory State Engine reconstruction (deep_context_recovery),PASS,PASS,PASS,PASS,PASS,PASS,PASS,PASS,PASS,PASS,PASS,PASS,PASS,PASS,PASS,"Minor version: compatible semantic detail, metadata, examples, and behavior cases were added without changing package identity.","The addendum supplies a detailed recovery of the staged engine, consistent with the catalog and historical family records."
specificity-penalty-gate,JAN26-15,Specificity Penalty Gate,1.0.0,1.1.0,validation;truth-grounding,source-gap,OS_Upgradeable_to_Skills_Translation_Catalog_v2_Recovery_Merged.md — Pack-derived exact names (exact_name_only); OS_Upgradeables_Historical_Recovery_Inventory.md — Specificity Penalty Gate (exact_name_only); OS_Upgradeables_Deep_Context_Recovery_Addendum_2026-09-03.md — 20. RECOVERY GAPS AFTER DEEP PASS 2.0 (explicit_source_gap),PASS,PASS,PASS,PASS,PASS,PASS,PASS,PASS,PASS,PASS,PASS,PASS,PASS,PASS,BLOCKED_BY_SOURCE_GAP,"Minor version: compatible semantic detail, metadata, examples, and behavior cases were added without changing package identity.","Only the exact name is recovered. The evidence-resolution gate is a clearly labeled modern operationalization, not a claim about the original pack mechanism."
stable-long-context,T2-07,Stable Long-Context,1.0.0,1.1.0,state;drift-control,sufficiently-recovered,OS_Upgradeable_to_Skills_Translation_Catalog_v2_Recovery_Merged.md — Stable Long Context (current_consolidated_catalog); OS_Upgradeables_Historical_Recovery_Inventory.md — Stable Long Context inventory entry (historical_inventory); OS_Upgradeables_Deep_Context_Recovery_Addendum_2026-09-03.md — Semantic anchoring and context stability (architectural_context),PASS,PASS,PASS,PASS,PASS,PASS,PASS,PASS,PASS,PASS,PASS,PASS,PASS,PASS,PASS,"Minor version: compatible semantic detail, metadata, examples, and behavior cases were added without changing package identity.",Direct catalog recovery is reinforced by the addendum's semantic anchoring and research-context guidance.
state-routing-bus,A-02,State Routing Bus,1.0.0,1.1.0,state;orchestration,sufficiently-recovered,OS_Upgradeable_to_Skills_Translation_Catalog_v2_Recovery_Merged.md — A-02. Teleport Bus (current_consolidated_catalog),PASS,PASS,PASS,PASS,PASS,PASS,PASS,PASS,PASS,PASS,PASS,PASS,PASS,PASS,PASS,"Minor version: compatible semantic detail, metadata, examples, and behavior cases were added without changing package identity.","Historical identity, purpose, and core behavior are recovered; v0.2 states the mechanism explicitly without claiming hidden capabilities."
state-snapshot,O-03,State Snapshot,1.0.0,1.1.0,state;persistence,strongly-derivable,"OS_Upgradeable_to_Skills_Translation_Catalog_v2_Recovery_Merged.md — State Snapshot and orchestration snapshot references (name_and_role_recovery); OS_Upgradeables_Historical_Recovery_Inventory.md — State Snapshot inventory entry (historical_inventory); OS_Upgradeables_Deep_Context_Recovery_Addendum_2026-09-03.md — Heartbeat, checkpoint, and OS flow state (architectural_context)",PASS,PASS,PASS,PASS,PASS,PASS,PASS,PASS,PASS,PASS,PASS,PASS,PASS,PASS,PASS,"Minor version: compatible semantic detail, metadata, examples, and behavior cases were added without changing package identity.","The precise historical procedure is not fully recovered, but repeated snapshot/checkpoint roles support this conservative normalized mechanism."
stateblock,T2-09,StateBlock,1.0.0,1.1.0,state,sufficiently-recovered,OS_Upgradeable_to_Skills_Translation_Catalog_v2_Recovery_Merged.md — StateBlock (current_consolidated_catalog); OS_Upgradeables_Historical_Recovery_Inventory.md — StateBlock and StateBlock SmartUpdate entries (historical_inventory); OS_Upgradeables_Deep_Context_Recovery_Addendum_2026-09-03.md — State kernel and SMSE reconstruction (deep_context_recovery),PASS,PASS,PASS,PASS,PASS,PASS,PASS,PASS,PASS,PASS,PASS,PASS,PASS,PASS,PASS,"Minor version: compatible semantic detail, metadata, examples, and behavior cases were added without changing package identity.","StateBlock has direct catalog and inventory support, while the addendum recovers its place in the state kernel and update pipeline."
structured-refinement,T2-02,Structured Refinement Cycles,1.0.0,1.1.0,editing-repair;validation,sufficiently-recovered,OS_Upgradeable_to_Skills_Translation_Catalog_v2_Recovery_Merged.md — T2-02. Structured Refinement Cycles (recovered-operational-definition); OS_Upgradeables_Historical_Recovery_Inventory.md — 1. Canonical current consolidated inventory (recovered-name-and-id),PASS,PASS,PASS,PASS,PASS,PASS,PASS,PASS,PASS,PASS,PASS,PASS,PASS,PASS,PASS,"Minor version: compatible semantic detail, metadata, examples, and behavior cases were added without changing package identity.","The recovered definition explicitly separates factual, structural, style, and final-validation passes and preserves accepted decisions."
structured-state-projection,JAN26-13,Structured State Projection,1.0.0,1.1.0,state;output,source-gap,OS_Upgradeable_to_Skills_Translation_Catalog_v2_Recovery_Merged.md — Structured State Projection residual listing (name_only_recovery); OS_Upgradeables_Historical_Recovery_Inventory.md — Structured State Projection inventory entry (historical_name_only); OS_Upgradeables_Deep_Context_Recovery_Addendum_2026-09-03.md — Shared state projections and domain isolation (related_architectural_context),PASS,PASS,PASS,PASS,PASS,PASS,PASS,PASS,PASS,PASS,PASS,PASS,PASS,PASS,BLOCKED_BY_SOURCE_GAP,"Minor version: compatible semantic detail, metadata, examples, and behavior cases were added without changing package identity.","The name is recovered and the addendum supports shared-state projections, but the original distinctive procedure is not. This is an honestly labeled modern least-privilege interpretation."
stuck-pattern-reset,T4-03,Stuck-Pattern Reset Pack,1.0.0,1.1.0,meta-control;editing-repair,sufficiently-recovered,OS_Upgradeable_to_Skills_Translation_Catalog_v2_Recovery_Merged.md — T4-03. Stuck-Pattern Reset Pack (recovered-operational-definition); OS_Upgradeables_Historical_Recovery_Inventory.md — 10. Tier-4 / Meta-Supervisor recovered family (recovered-name-and-family); OS_Upgradeables_Deep_Context_Recovery_Addendum_2026-09-03.md — 9. BOUNDED EXIT — DEEPER HISTORICAL USE (recovered-adjacent-loop-control),PASS,PASS,PASS,PASS,PASS,PASS,PASS,PASS,PASS,PASS,PASS,PASS,PASS,PASS,PASS,"Minor version: compatible semantic detail, metadata, examples, and behavior cases were added without changing package identity.","The source directly recovers loop and stale-approach detection, bounded reset, preservation of locked facts and constraints, and reset of only the failed path."
style-alignment,T3-15,Style-Alignment Module,1.0.0,1.1.0,output,sufficiently-recovered,OS_Upgradeable_to_Skills_Translation_Catalog_v2_Recovery_Merged.md — T3-15. Style-Alignment Module (recovered-operational-definition); OS_Upgradeables_Historical_Recovery_Inventory.md — 8. Tier-3 / Paper-Author alignment family recovered from late-November work (recovered-paper-author-module); OS_Upgradeables_Deep_Context_Recovery_Addendum_2026-09-03.md — 19.1 Evidence-grounded authoring (recovered-historical-use),PASS,PASS,PASS,PASS,PASS,PASS,PASS,PASS,PASS,PASS,PASS,PASS,PASS,PASS,PASS,"Minor version: compatible semantic detail, metadata, examples, and behavior cases were added without changing package identity.",The recovered source makes style explicitly subordinate to truth and task requirements; the style-vector representation is a concrete normalization of that constraint.
surgery-edit,A-08,Surgery Editing,1.0.0,1.1.0,editing-repair;orchestration,sufficiently-recovered,OS_Upgradeable_to_Skills_Translation_Catalog_v2_Recovery_Merged.md — A-08. Surgery Editing (recovered-operational-definition); OS_Upgradeables_Historical_Recovery_Inventory.md — 11. Advanced architecture Upgradeables retained (recovered-architecture-membership); OS_Upgradeables_Deep_Context_Recovery_Addendum_2026-09-03.md — 19.5 OS / Skill construction (recovered-crispr-versus-surgery-use),PASS,PASS,PASS,PASS,PASS,PASS,PASS,PASS,PASS,PASS,PASS,PASS,PASS,PASS,PASS,"Minor version: compatible semantic detail, metadata, examples, and behavior cases were added without changing package identity.","The recovered source clearly reserves Surgery for layer reorganization, Core replacement, major workflow changes, and incompatible refactors when CRISPR is insufficient."
task-set-lock-in,T1-06,Task-Set Lock-In,1.0.0,1.1.0,framing-intake;state,sufficiently-recovered,OS_Upgradeable_to_Skills_Translation_Catalog_v2_Recovery_Merged.md — T1-05. Task Set Lock-In (current_consolidated_catalog); OS_Upgradeables_Historical_Recovery_Inventory.md — Task Set Lock-In inventory entry (historical_inventory); OS_Upgradeables_Deep_Context_Recovery_Addendum_2026-09-03.md — Task anchoring and stability controls (architectural_context),PASS,PASS,PASS,PASS,PASS,PASS,PASS,PASS,PASS,PASS,PASS,PASS,PASS,PASS,PASS,"Minor version: compatible semantic detail, metadata, examples, and behavior cases were added without changing package identity.",The catalog recovers the task-set function directly; the addendum's anchoring material reinforces versioned invariants and explicit transitions.
temporal-anchor-scaffold,JAN26-07,Temporal Anchor Scaffold,1.0.0,1.1.0,state;truth-grounding,source-gap,OS_Upgradeable_to_Skills_Translation_Catalog_v2_Recovery_Merged.md — Temporal Anchor Scaffold residual listing (name_only_recovery); OS_Upgradeables_Historical_Recovery_Inventory.md — Temporal Anchor Scaffold inventory entry (historical_name_only); OS_Upgradeables_Deep_Context_Recovery_Addendum_2026-09-03.md — TIMOS temporal-state and sequencing context (related_architectural_context),PASS,PASS,PASS,PASS,PASS,PASS,PASS,PASS,PASS,PASS,PASS,PASS,PASS,PASS,BLOCKED_BY_SOURCE_GAP,"Minor version: compatible semantic detail, metadata, examples, and behavior cases were added without changing package identity.","Only the label and neighboring temporal architecture are recovered. The table-and-retirement mechanism is a conservative modern interpretation, not claimed history."
truth-priority-hierarchy,T3-06,Truth Priority Hierarchy,1.0.0,1.1.0,truth-grounding;orchestration,sufficiently-recovered,OS_Upgradeable_to_Skills_Translation_Catalog_v2_Recovery_Merged.md — T3-06. Truth Priority Hierarchy (current_consolidated_catalog); OS_Upgradeables_Historical_Recovery_Inventory.md — 8. Tier-3 / Paper-Author alignment family recovered from late-November work (historical_recovery_inventory); OS_Upgradeables_Deep_Context_Recovery_Addendum_2026-09-03.md — 15.2 Historical Meta-OS template (historical_assistant_artifact),PASS,PASS,PASS,PASS,PASS,PASS,PASS,PASS,PASS,PASS,PASS,PASS,PASS,PASS,PASS,"Minor version: compatible semantic detail, metadata, examples, and behavior cases were added without changing package identity.",The key precedence principles are recovered; each implementation must still supply its domain-specific evidence hierarchy.
truth-redundancy,T3-03,Truth Redundancy,1.0.0,1.1.0,truth-grounding;validation,sufficiently-recovered,OS_Upgradeable_to_Skills_Translation_Catalog_v2_Recovery_Merged.md — T3-03. Truth Redundancy / Dual-Lepton Truth Redundancy (current_consolidated_catalog); OS_Upgradeables_Historical_Recovery_Inventory.md — 8. Tier-3 / Paper-Author alignment family recovered from late-November work (historical_recovery_inventory); OS_Upgradeables_Deep_Context_Recovery_Addendum_2026-09-03.md — 10.4 Multiverse / plan generation (historical_operating_context),PASS,PASS,PASS,PASS,PASS,PASS,PASS,PASS,PASS,PASS,PASS,PASS,PASS,PASS,PASS,"Minor version: compatible semantic detail, metadata, examples, and behavior cases were added without changing package identity.",The dual-anchor purpose is directly recovered; explicit independence testing operationalizes the metaphor without physical claims.
two-truths-and-corridor,T3-08,Two Truths + Corridor,1.0.0,1.1.0,truth-grounding;drift-control,strongly-derivable,OS_Upgradeable_to_Skills_Translation_Catalog_v2_Recovery_Merged.md — T3-08. Two Truths + Corridor (current_consolidated_catalog); OS_Upgradeables_Historical_Recovery_Inventory.md — 8. Tier-3 / Paper-Author alignment family recovered from late-November work (historical_recovery_inventory); OS_Upgradeables_Deep_Context_Recovery_Addendum_2026-09-03.md — 10.3 Drift widths (direct_user_operating_rule),PASS,PASS,PASS,PASS,PASS,PASS,PASS,PASS,PASS,PASS,PASS,PASS,PASS,PASS,PASS,"Minor version: compatible semantic detail, metadata, examples, and behavior cases were added without changing package identity.",The composite purpose is recovered; the explicit lock-corridor-audit procedure normalizes the source's two-truth and drift-width principles.
ultimate-suite-supervisor,T4-05,Ultimate Suite Supervisor,1.0.0,1.1.0,meta-control;orchestration;validation,sufficiently-recovered,OS_Upgradeable_to_Skills_Translation_Catalog_v2_Recovery_Merged.md — T4-05. Ultimate Suite Supervisor (recovered-responsibility-set); OS_Upgradeables_Historical_Recovery_Inventory.md — 10. Tier-4 / Meta-Supervisor recovered family (recovered-name-and-family); OS_Upgradeables_Deep_Context_Recovery_Addendum_2026-09-03.md — 15.2 Historical Meta-OS template (recovered-adjacent-suite-architecture),PASS,PASS,PASS,PASS,PASS,PASS,PASS,PASS,PASS,PASS,PASS,PASS,PASS,PASS,PASS,"Minor version: compatible semantic detail, metadata, examples, and behavior cases were added without changing package identity.",The recovered responsibility list is unusually explicit and directly distinguishes this top-level suite role from the three-pack Meta-Supervisor health bundle.
working-memory-cues,T1-09,Working-Memory Cues,1.0.0,1.1.0,state,sufficiently-recovered,OS_Upgradeable_to_Skills_Translation_Catalog_v2_Recovery_Merged.md — Working Memory Cues (current_consolidated_catalog); OS_Upgradeables_Historical_Recovery_Inventory.md — Working Memory Cues inventory entry (historical_inventory); OS_Upgradeables_Deep_Context_Recovery_Addendum_2026-09-03.md — Semantic anchors and heartbeat context (related_architectural_context),PASS,PASS,PASS,PASS,PASS,PASS,PASS,PASS,PASS,PASS,PASS,PASS,PASS,PASS,PASS,"Minor version: compatible semantic detail, metadata, examples, and behavior cases were added without changing package identity.",The recovered catalog supports cue-based working-memory reinforcement; lifecycle and canonical-pointer language prevents cues from becoming stale state.
working-memory-lock-in,T2-08,Working-Memory Lock-In,1.0.0,1.1.0,state,sufficiently-recovered,OS_Upgradeable_to_Skills_Translation_Catalog_v2_Recovery_Merged.md — Working Memory Lock-In (current_consolidated_catalog); OS_Upgradeables_Historical_Recovery_Inventory.md — Working Memory Lock-In inventory entry (historical_inventory); OS_Upgradeables_Deep_Context_Recovery_Addendum_2026-09-03.md — Heartbeat and zero-drift fidelity workflow (deep_context_support),PASS,PASS,PASS,PASS,PASS,PASS,PASS,PASS,PASS,PASS,PASS,PASS,PASS,PASS,PASS,"Minor version: compatible semantic detail, metadata, examples, and behavior cases were added without changing package identity.","Catalog and inventory recover the lock-in concept; the addendum's heartbeat and fidelity patterns support refresh, conflict, and release semantics."
zero-drift-zones,T3-14,Zero-Drift Zones,1.0.0,1.1.0,drift-control;truth-grounding,sufficiently-recovered,OS_Upgradeable_to_Skills_Translation_Catalog_v2_Recovery_Merged.md — Zero-Drift Zones (current_consolidated_catalog); OS_Upgradeables_Historical_Recovery_Inventory.md — Zero-Drift Zones inventory entry (historical_inventory); OS_Upgradeables_Deep_Context_Recovery_Addendum_2026-09-03.md — Zero-drift fidelity workflow and drift-width mapping (deep_context_support),PASS,PASS,PASS,PASS,PASS,PASS,PASS,PASS,PASS,PASS,PASS,PASS,PASS,PASS,PASS,"Minor version: compatible semantic detail, metadata, examples, and behavior cases were added without changing package identity.","The catalog directly recovers zero-drift behavior, and the addendum supplies an explicit fidelity workflow and width mapping."
