slug,version,plain_display_name,primary_task_archetypes,secondary_task_archetypes,primary_failure_modes,secondary_failure_modes,pipeline_stages,environment_promoters,environment_demoters,default_complexity_min,default_complexity_max,project_profile_priors,normally_exclude_for,escalates_from,escalates_to,counterbalance_notes,source_support,review_status,notes
activation-budget-funnel,1.1.0,Progressive Context Intake,"[""content-understanding"", ""research-grounding""]","[""content-authoring"", ""workflow-automation""]","[""context-overload"", ""evidence-coverage-gap""]","[""provenance-loss"", ""lost-state""]","[""retrieval"", ""evidence capture"", ""indexing"", ""synthesis"", ""pre-output verification""]","[""long_context"", ""multi_document"", ""context_window_pressure"", ""has_supplied_sources"", ""persistent_work""]",[],L2,L4,"[""research"", ""long-context"", ""medical-evidence"", ""legal-evidence"", ""agent-development""]","[""knowledge-explanation"", ""creative-exploration"", ""constraint-reasoning""]","[""scoped-loader""]","[""attention-compression-scaffold"", ""stable-long-context""]","[{""slug"": ""anti-tunnel-vision"", ""reason"": ""A narrow active batch must not hide a plausible competing source or interpretation.""}]",sufficiently-recovered,PASS,Consider when many sources or modules compete for attention; exclude when one short source fits comfortably.
adapter-first-experimentation,1.1.0,Adapter-First Experimentation,"[""workflow-automation"", ""skill-agent-creation""]","[""planning-design"", ""software-engineering""]","[""invariant-violation"", ""invalid-validation-signal""]","[""over-branching"", ""packaging-activation-drift""]","[""experiment design"", ""detached trial"", ""evaluation"", ""promotion or retirement""]","[""recurrence_pattern_stable"", ""tools_required"", ""durable_state_available"", ""acceptance_criteria_present"", ""branches_independent""]","[""irreversible_action"", ""high_stakes""]",L3,L5,"[""agent-development"", ""software-development""]","[""knowledge-explanation"", ""content-understanding"", ""content-transformation"", ""action-execution""]","[""crispr-edit""]","[""architect-orchestrator"", ""future-proof-mode-selector""]","[{""slug"": ""meta-stability"", ""reason"": ""Preserve the trusted base while the detached capability is evaluated.""}]",sufficiently-recovered,PASS,"A high-cost prior for measurable, interface-isolated experiments; mandatory repairs should not be routed through it."
anti-tunnel-vision,1.1.0,Anti-Tunnel Vision,"[""decision-support"", ""research-grounding""]","[""software-engineering"", ""planning-design"", ""creative-exploration""]","[""premature-commitment"", ""tunnel-vision""]","[""evidence-coverage-gap"", ""poor-uncertainty-handling""]","[""hypothesis formation"", ""plan selection"", ""pre-commit review""]","[""evidence_conflicting"", ""missing_required_information"", ""high_stakes"", ""branches_independent""]","[""deterministic_verifier_available""]",L1,L3,"[""general"", ""research"", ""software-development"", ""data-analysis""]","[""content-transformation"", ""action-execution""]","[""decision-first-scaffold""]","[""multiverse-reasoning""]","[{""slug"": ""neuro-focus"", ""reason"": ""Collapse breadth once evidence discriminates so search does not become unbounded.""}]",sufficiently-recovered,PASS,"Promotes a bounded alternative check, not open-ended branching; direct authoritative answers suppress it."
architect-orchestrator,1.1.0,Modular System Design Orchestrator,"[""planning-design"", ""skill-agent-creation""]","[""workflow-automation"", ""software-engineering""]","[""orchestration-fragmentation"", ""packaging-activation-drift""]","[""over-branching"", ""mode-scope-authority-drift"", ""poor-handoff""]","[""intake and framing"", ""modular planning"", ""execution coordination"", ""critique and synthesis"", ""state handoff""]","[""recurrence_pattern_stable"", ""persistent_work"", ""durable_state_available"", ""branches_independent"", ""multi_agent_available""]","[""tightly_shared_state""]",L3,L5,"[""agent-development"", ""software-development""]","[""knowledge-explanation"", ""content-understanding"", ""content-transformation"", ""quantitative-analysis""]","[""decision-first-scaffold"", ""task-set-lock-in""]","[""meta-supervisor"", ""ultimate-suite-supervisor""]","[{""slug"": ""cognitive-governor"", ""reason"": ""Architecture coordination must remain within a justified effort and continuation budget.""}]",sufficiently-recovered,PASS,"Use for genuine Skill, OS, framework, or workflow architecture—not narrow domain execution."
attention-compression-scaffold,1.1.0,Temporary Focused-Context View,"[""content-understanding""]","[""research-grounding"", ""software-engineering"", ""workflow-automation""]","[""context-overload"", ""provenance-loss""]","[""lost-state"", ""evidence-coverage-gap""]","[""post-retrieval"", ""pre-synthesis"", ""context refresh""]","[""long_context"", ""multi_document"", ""context_window_pressure"", ""persistent_work""]","[""requires_exact_fidelity"", ""contains_protected_literals""]",L2,L4,"[""long-context"", ""research"", ""software-development""]","[""knowledge-explanation"", ""creative-exploration"", ""action-execution""]","[""activation-budget-funnel"", ""scoped-loader""]","[""stable-long-context""]","[{""slug"": ""zero-drift-zones"", ""reason"": ""Compression must not alter protected facts, constraints, or literals.""}]",source-gap,PASS,Use only with provenance pointers that allow re-expansion; exact wording that must remain live demotes it.
authenticity-anti-evasion,1.1.0,Capability and Completion Honesty Gate,"[""evaluation-audit"", ""action-execution"", ""workflow-automation""]","[""research-grounding"", ""software-engineering""]","[""capability-hallucination"", ""under-verification""]","[""unsupported-claim"", ""abstention-miscalibration""]","[""during-execution"", ""pre-output-verification""]","[""tools_required"", ""external_action_allowed"", ""evidence_unavailable"", ""high_stakes"", ""persistent_work""]",[],L1,L4,"[""agent-development"", ""software-development"", ""research""]","[""creative-exploration"", ""content-transformation""]","[""grounding-no-invention""]","[""critical-atomic-verification"", ""fail-closed-abstention""]",[],sufficiently-recovered,PASS,"Applies to auditable claims about evidence, actions, capabilities, or completion; it must not request hidden reasoning."
authority-anchor-enforcement,1.1.0,Authority Anchor Enforcement,"[""action-execution"", ""workflow-automation""]","[""evaluation-audit"", ""software-engineering""]","[""mode-scope-authority-drift"", ""action-permission-risk""]","[""domain-context-contamination"", ""branch-contamination""]","[""intake authority capture"", ""pre-action authorization"", ""conflict resolution""]","[""external_action_allowed"", ""file_write_allowed"", ""editing_requested"", ""high_stakes"", ""multi_agent_available""]","[""missing_required_information""]",L1,L4,"[""agent-development"", ""software-development"", ""legal-evidence""]","[""knowledge-explanation"", ""creative-exploration""]","[""task-set-lock-in"", ""mode-lock-in""]","[""non-authoritative-branch-suppression""]",[],source-gap,PASS,Requires an identifiable governing authority; capability or credential scope alone is not authorization.
behavior-gene-builder,1.1.0,Reusable Behavior Component Builder,"[""skill-agent-creation"", ""workflow-automation""]","[""planning-design"", ""content-authoring""]","[""packaging-activation-drift"", ""version-drift""]","[""context-overload"", ""domain-context-contamination""]","[""recurrence analysis"", ""gene specification"", ""validation"", ""versioned publication""]","[""recurrence_pattern_stable"", ""structured_output_required"", ""persistent_work"", ""has_supplied_sources""]","[""missing_required_information""]",L3,L4,"[""agent-development""]","[""knowledge-explanation"", ""content-understanding"", ""action-execution""]","[""architect-orchestrator""]","[""resonance-gene-builder"", ""domain-core-builder""]","[{""slug"": ""domain-core-builder"", ""reason"": ""Keep reusable behavior separate from sourced domain knowledge and decision logic.""}]",sufficiently-recovered,PASS,A recurring task family and stable behavioral contract are prerequisites; one-off behavior should not become a Gene.
bidirectional-consistency,1.1.0,Bidirectional Consistency,"[""content-transformation"", ""evaluation-audit""]","[""software-engineering"", ""quantitative-analysis"", ""planning-design""]","[""invariant-violation"", ""invalid-validation-signal""]","[""unsupported-claim"", ""constraint-loss""]","[""post-transformation"", ""pre-release-validation""]","[""requires_exact_fidelity"", ""contains_protected_literals"", ""structured_output_required"", ""deterministic_verifier_available""]",[],L1,L3,"[""documentation"", ""software-development"", ""data-analysis"", ""research""]","[""creative-exploration"", ""knowledge-explanation""]","[""citation-fidelity"", ""critical-atomic-verification""]","[""multi-layer-consistency""]","[{""slug"": ""controlled-drift-corridors"", ""reason"": ""Reverse checks must respect intentionally lossy or authorized transformations.""}]",sufficiently-recovered,PASS,Use when a reverse mapping is meaningful; intentionally irreversible creative transformations normally exclude it.
bounded-exit,1.1.0,Bounded Iteration Stop Rule,"[""workflow-automation"", ""evaluation-audit"", ""content-authoring""]","[""software-engineering"", ""research-grounding""]","[""weak-stopping-rule"", ""over-verification""]","[""over-branching""]","[""draft review"", ""iterative repair"", ""release decision""]","[""persistent_work"", ""context_window_pressure"", ""tools_required""]",[],L1,L4,"[""general"", ""authoring"", ""software-development"", ""research"", ""agent-development""]","[""knowledge-explanation"", ""constraint-reasoning""]","[""structured-refinement""]","[""cognitive-governor"", ""reasoning-scale-controller""]","[{""slug"": ""reasoning-scale-controller"", ""reason"": ""Stopping thresholds should reflect the task's justified reasoning depth.""}]",sufficiently-recovered,PASS,Bounds iterative improvement but never permits exit before a mandatory validator or unresolved hard defect.
citation-fidelity,1.1.0,Citation Fidelity Gate,"[""research-grounding"", ""evaluation-audit""]","[""content-authoring"", ""content-understanding""]","[""citation-source-mismatch"", ""provenance-loss""]","[""unsupported-claim"", ""source-applicability-mismatch""]","[""evidence collection"", ""draft validation"", ""pre-publication""]","[""requires_citations"", ""has_supplied_sources"", ""multi_document""]",[],L1,L3,"[""research"", ""medical-evidence"", ""legal-evidence"", ""documentation""]","[""creative-exploration"", ""content-transformation"", ""action-execution""]","[""grounding-no-invention""]","[""critical-atomic-verification"", ""cross-checking-chains""]","[{""slug"": ""specificity-penalty-gate"", ""reason"": ""Discourage claim precision that the cited source cannot establish.""}]",sufficiently-recovered,PASS,Citation presence is insufficient; the nearby claim must be directly supported. No-citation outputs normally exclude it.
clarification-gateway,1.1.0,Clarification Gateway,"[""knowledge-explanation"", ""planning-design"", ""action-execution""]","[""constraint-reasoning"", ""software-engineering"", ""research-grounding""]","[""missing-required-information"", ""task-drift""]","[""action-permission-risk"", ""abstention-miscalibration""]","[""intake"", ""pre-execution"", ""exception-routing""]","[""missing_required_information"", ""evidence_unavailable"", ""high_stakes"", ""irreversible_action""]","[""acceptance_criteria_present"", ""reproduction_available""]",L0,L3,"[""general"", ""software-development"", ""research"", ""medical-evidence"", ""legal-evidence""]","[""creative-exploration""]","[""task-set-lock-in""]","[""fail-closed-abstention""]","[{""slug"": ""bounded-exit"", ""reason"": ""Ask only for materially blocking information and continue or stop once the boundary is resolved.""}]",sufficiently-recovered,PASS,Clarification is proportional; non-material missing detail should use a bounded explicit assumption or partial result.
cognitive-governor,1.1.0,Reasoning Effort Budget Controller,"[""planning-design"", ""workflow-automation"", ""evaluation-audit""]","[""research-grounding"", ""software-engineering"", ""content-authoring""]","[""over-branching"", ""under-verification"", ""over-verification""]","[""weak-stopping-rule"", ""premature-commitment""]","[""task triage"", ""budget assignment"", ""mid-run budget review"", ""exit decision""]","[""high_stakes"", ""context_window_pressure"", ""persistent_work"", ""tools_required""]","[""deterministic_verifier_available""]",L1,L4,"[""agent-development"", ""research"", ""software-development"", ""authoring""]","[""knowledge-explanation"", ""content-transformation""]","[""reasoning-scale-controller"", ""bounded-exit""]","[""dynamic-depth-allocation"", ""reasoning-throughput-governor""]","[{""slug"": ""bounded-exit"", ""reason"": ""Budget review must terminate when acceptance or diminishing-return gates are met.""}]",sufficiently-recovered,PASS,Use only when effort allocation materially affects quality or cost; trivial deterministic work suppresses it.
coherence-heartbeat,1.1.0,Periodic Whole-Task Consistency Check,"[""workflow-automation"", ""software-engineering""]","[""content-authoring"", ""research-grounding""]","[""task-drift"", ""lost-state""]","[""stale-state"", ""invariant-violation""]","[""during long execution"", ""after milestones"", ""before irreversible steps""]","[""persistent_work"", ""long_context"", ""handoff_expected"", ""durable_state_available""]",[],L2,L4,"[""long-context"", ""software-development"", ""research"", ""agent-development"", ""authoring""]","[""knowledge-explanation"", ""content-transformation"", ""creative-exploration""]","[""task-set-lock-in"", ""state-snapshot""]","[""coherence-loops""]","[{""slug"": ""dynamic-depth-allocation"", ""reason"": ""Heartbeat depth and frequency should scale with actual drift risk.""}]",sufficiently-recovered,PASS,A lightweight periodic check for genuinely long work; a one-operation task does not need a heartbeat.
coherence-loops,1.1.0,Coherence Loops,"[""evaluation-audit"", ""workflow-automation"", ""software-engineering""]","[""content-authoring"", ""research-grounding""]","[""invariant-violation"", ""domain-context-contamination""]","[""under-verification"", ""weak-stopping-rule""]","[""integration"", ""post-drift-detection"", ""pre-release""]","[""multi_document"", ""persistent_work"", ""handoff_expected"", ""acceptance_criteria_present""]","[""deterministic_verifier_available""]",L2,L4,"[""software-development"", ""long-context"", ""authoring"", ""agent-development""]","[""knowledge-explanation"", ""creative-exploration"", ""constraint-reasoning""]","[""coherence-heartbeat""]","[""reflectos""]","[{""slug"": ""crispr-edit"", ""reason"": ""Repair only the inconsistent region instead of repeatedly rewriting the whole artifact.""}]",sufficiently-recovered,PASS,Requires cross-part inconsistency and stable acceptance criteria; isolated deterministic corrections use a smaller repair.
compute-adaptive-drift,1.1.0,Runtime-Adaptive Drift Checks,"[""workflow-automation"", ""skill-agent-creation""]","[""evaluation-audit"", ""software-engineering""]","[""under-verification"", ""over-verification""]","[""invariant-violation"", ""capability-hallucination""]","[""runtime assessment"", ""plan construction"", ""checkpoint scheduling"", ""validation""]","[""tools_required"", ""multi_agent_available"", ""context_window_pressure"", ""high_stakes""]","[""missing_required_information""]",L2,L4,"[""agent-development"", ""software-development""]","[""knowledge-explanation"", ""content-transformation"", ""creative-exploration""]","[""domain-normalized-drift"", ""micro-scaffolding""]","[""drift-spectra-scaling"", ""dynamic-depth-allocation""]","[{""slug"": ""future-proof-mode-selector"", ""reason"": ""Adaptation must respect the declared host mode rather than invent capability.""}, {""slug"": ""zero-drift-zones"", ""reason"": ""Runtime scaling must never weaken factual or safety invariants.""}]",strongly-derivable,PASS,Scale checkpoint burden to runtime capability while keeping the strict minimum safe protocol intact.
contradiction-micro-repair,1.1.0,Contradiction Micro-Repair Pack,"[""evaluation-audit"", ""content-transformation""]","[""research-grounding"", ""software-engineering""]","[""evidence-conflict-suppression"", ""invariant-violation""]","[""under-editing"", ""source-applicability-mismatch""]","[""consistency validation"", ""localized repair"", ""post-repair verification""]","[""evidence_conflicting"", ""requires_exact_fidelity"", ""structured_output_required""]","[""evidence_unavailable""]",L1,L3,"[""documentation"", ""research"", ""software-development"", ""data-analysis""]","[""creative-exploration"", ""knowledge-explanation"", ""action-execution""]","[""micro-repair""]","[""multi-truth-gating"", ""coherence-loops""]","[{""slug"": ""multi-truth-gating"", ""reason"": ""Do not repair away a legitimate difference in scope, time, or governing authority.""}]",strongly-derivable,PASS,Only a localized adjudicable contradiction qualifies; architectural or unresolved authority conflicts require escalation.
controlled-drift-corridors,1.1.0,Bounded Change Rules,"[""content-transformation"", ""creative-exploration""]","[""content-authoring"", ""software-engineering""]","[""invariant-violation"", ""constraint-loss""]","[""mode-scope-authority-drift"", ""domain-context-contamination""]","[""task decomposition"", ""transformation planning"", ""generation"", ""semantic validation""]","[""requires_exact_fidelity"", ""contains_protected_literals"", ""structured_output_required""]",[],L1,L3,"[""authoring"", ""documentation"", ""long-context"", ""software-development""]","[""knowledge-explanation"", ""action-execution""]","[""zero-drift-zones""]","[""domain-normalized-drift"", ""drift-spectra-scaling""]","[{""slug"": ""clarification-gateway"", ""reason"": ""Allowed change dimensions must be explicit before applying a corridor.""}, {""slug"": ""mode-lock-in"", ""reason"": ""The authorized transformation mode constrains the corridor.""}]",sufficiently-recovered,PASS,Use when adaptation and fidelity coexist; all-zero-drift or unconstrained creative tasks do not need it.
cot-structured-state-block,1.1.0,Auditable Reasoning State,"[""workflow-automation"", ""research-grounding"", ""planning-design""]","[""action-execution"", ""evaluation-audit""]","[""lost-state"", ""poor-handoff""]","[""provenance-loss"", ""stale-state""]","[""after evidence intake"", ""at decision points"", ""before handoff or resume""]","[""persistent_work"", ""handoff_expected"", ""durable_state_available"", ""multi_agent_available""]","[""sensitive_data""]",L2,L4,"[""agent-development"", ""long-context"", ""research"", ""medical-evidence"", ""legal-evidence""]","[""knowledge-explanation"", ""content-transformation"", ""creative-exploration""]","[""stateblock"", ""state-snapshot""]","[""structured-state-projection"", ""sequential-memory-state-engine""]","[{""slug"": ""micro-scaffolding"", ""reason"": ""Persist only the minimum task state needed for audit and continuation.""}, {""slug"": ""working-memory-cues"", ""reason"": ""Keep task-critical state accessible without exposing hidden deliberation.""}]",strongly-derivable,PASS,"This is an explicit task-state and handoff record, never a request for private chain-of-thought."
counterfactual-integrity,1.1.0,Counterfactual Integrity Gate,"[""constraint-reasoning"", ""planning-design""]","[""creative-exploration"", ""decision-support"", ""research-grounding""]","[""branch-contamination"", ""domain-context-contamination""]","[""unsupported-claim"", ""constraint-loss""]","[""candidate-generation"", ""state-update"", ""pre-output-verification""]","[""branches_independent"", ""requires_exact_fidelity"", ""high_stakes""]",[],L1,L3,"[""general"", ""research"", ""data-analysis"", ""agent-development""]","[""content-understanding"", ""content-transformation"", ""knowledge-explanation""]","[""anti-tunnel-vision""]","[""cross-universe-consistency""]","[{""slug"": ""grounding-no-invention"", ""reason"": ""Keep factual baseline claims separate from hypothetical state.""}]",sufficiently-recovered,PASS,"Requires an explicit hypothetical branch and preserves factual, evaluative, and counterfactual phase boundaries."
counterfactual-silence-scaffold,1.1.0,No-Unrequested-Scenarios Guard,"[""content-understanding"", ""research-grounding"", ""evaluation-audit""]","[""content-authoring""]","[""domain-context-contamination"", ""unsupported-claim""]","[""branch-contamination"", ""mode-scope-authority-drift""]","[""task-framing"", ""draft-validation"", ""pre-output-verification""]","[""has_supplied_sources"", ""requires_citations"", ""requires_exact_fidelity""]","[""branches_independent""]",L1,L2,"[""research"", ""medical-evidence"", ""legal-evidence"", ""documentation""]","[""creative-exploration"", ""planning-design"", ""constraint-reasoning""]","[""mode-lock-in""]","[""domain-mode-isolation""]","[{""slug"": ""controlled-drift-corridors"", ""reason"": ""Do not suppress hypothetical content when the task explicitly authorizes bounded scenarios.""}]",source-gap,PASS,"A factual-output guard only; explicit scenario, hypothesis, and creative tasks suppress it."
crispr-edit,1.1.0,Precision Local System Edit,"[""software-engineering"", ""content-transformation"", ""action-execution""]","[""skill-agent-creation""]","[""over-editing"", ""invariant-violation""]","[""mode-scope-authority-drift"", ""under-verification""]","[""change planning"", ""targeted modification"", ""invariance validation""]","[""editing_requested"", ""file_write_allowed"", ""requires_exact_fidelity"", ""contains_protected_literals"", ""acceptance_criteria_present"", ""reproduction_available""]","[""review_only"", ""missing_required_information""]",L1,L3,"[""software-development"", ""agent-development"", ""documentation""]","[""knowledge-explanation"", ""research-grounding"", ""creative-exploration"", ""evaluation-audit""]","[""micro-repair""]","[""surgery-edit""]","[{""slug"": ""surgery-edit"", ""reason"": ""Escalate only when the target boundary is no longer local or the governing structure is defective.""}]",sufficiently-recovered,PASS,A precision structural edit prior; review-only work and non-isolatable architectural changes exclude it.
critical-atomic-verification,1.1.0,Critical Fact Verification,"[""evaluation-audit"", ""research-grounding"", ""quantitative-analysis""]","[""action-execution"", ""software-engineering"", ""decision-support""]","[""unsupported-precision"", ""under-verification""]","[""invalid-validation-signal"", ""unsupported-claim""]","[""pre-commitment"", ""evidence validation"", ""pre-release""]","[""high_stakes"", ""irreversible_action"", ""requires_exact_fidelity"", ""requires_citations"", ""structured_output_required""]",[],L1,L3,"[""medical-evidence"", ""legal-evidence"", ""data-analysis"", ""research"", ""software-development""]","[""creative-exploration"", ""content-transformation""]","[""grounding-no-invention"", ""citation-fidelity""]","[""cross-checking-chains"", ""parallel-qms""]","[{""slug"": ""dynamic-depth-allocation"", ""reason"": ""Concentrate verification on outcome-changing atoms rather than checking every detail equally.""}]",sufficiently-recovered,PASS,High activation cost is justified only when a small fact can invalidate the output or action.
cross-checking-chains,1.1.0,Cross-Checking Chains,"[""evaluation-audit"", ""research-grounding""]","[""quantitative-analysis"", ""software-engineering"", ""action-execution""]","[""under-verification"", ""invalid-validation-signal""]","[""provenance-loss"", ""evidence-coverage-gap""]","[""verification planning"", ""sequential validation"", ""final collapse""]","[""high_stakes"", ""evidence_conflicting"", ""multi_document"", ""deterministic_verifier_available""]",[],L2,L4,"[""medical-evidence"", ""legal-evidence"", ""research"", ""software-development"", ""data-analysis""]","[""knowledge-explanation"", ""creative-exploration"", ""content-transformation""]","[""critical-atomic-verification""]","[""parallel-qms""]","[{""slug"": ""bounded-exit"", ""reason"": ""Stop once ordered checks establish the dependency chain; correlated repetition adds no value.""}]",sufficiently-recovered,PASS,Use when checks have an orderable dependency chain; one direct authoritative check suppresses it.
cross-context-resonance-lock,1.1.0,Cross-Context Relationship Guard,"[""content-understanding"", ""workflow-automation""]","[""research-grounding"", ""planning-design""]","[""domain-context-contamination"", ""branch-contamination""]","[""poor-handoff"", ""lost-state""]","[""context intake"", ""cross-context handoff"", ""synthesis verification""]","[""multi_document"", ""persistent_work"", ""handoff_expected"", ""multi_agent_available"", ""tightly_shared_state""]",[],L2,L4,"[""long-context"", ""research"", ""agent-development""]","[""knowledge-explanation"", ""content-transformation"", ""action-execution""]","[""domain-mode-isolation""]","[""state-routing-bus""]","[{""slug"": ""anti-tunnel-vision"", ""reason"": ""Alignment between contexts must not erase credible differences or unresolved assumptions.""}]",source-gap,PASS,Preserves an explicit relationship without merging authority or facts; speculative relationships exclude it.
cross-universe-consistency,1.1.0,Alternative-Scenario Consistency Check,"[""constraint-reasoning"", ""decision-support"", ""evaluation-audit""]","[""planning-design"", ""research-grounding""]","[""branch-contamination"", ""invalid-validation-signal""]","[""evidence-conflict-suppression"", ""invariant-violation""]","[""after branch exploration"", ""before branch collapse"", ""post-synthesis""]","[""branches_independent"", ""evidence_conflicting"", ""high_stakes""]",[],L2,L4,"[""general"", ""research"", ""agent-development"", ""data-analysis""]","[""knowledge-explanation"", ""content-transformation"", ""action-execution""]","[""counterfactual-integrity"", ""multiverse-reasoning""]","[""multi-layer-consistency"", ""parallel-qms""]","[{""slug"": ""crispr-edit"", ""reason"": ""When one branch defect is local, repair that branch rather than expanding cross-world analysis.""}]",sufficiently-recovered,PASS,Only applies after multiple candidate paths will be compared or collapsed; one-branch work excludes it.
decision-first-scaffold,1.1.0,Decision-First Scaffold,"[""decision-support"", ""planning-design""]","[""evaluation-audit"", ""quantitative-analysis""]","[""task-drift"", ""premature-commitment""]","[""over-branching"", ""constraint-loss""]","[""task framing"", ""pre-analysis""]","[""high_stakes"", ""structured_output_required""]","[""missing_required_information""]",L1,L2,"[""general"", ""data-analysis"", ""software-development"", ""agent-development""]","[""content-understanding"", ""content-transformation"", ""creative-exploration""]","[""task-set-lock-in""]","[""dominant-driver-isolation-scaffold"", ""anti-tunnel-vision""]","[{""slug"": ""anti-tunnel-vision"", ""reason"": ""Decision framing must not prematurely narrow a genuinely exploratory task.""}]",source-gap,PASS,Use when options and criteria are known and analysis risks becoming directionless; faithful description alone excludes it.
domain-core-builder,1.1.0,Shared Domain Knowledge Component Builder,"[""skill-agent-creation"", ""workflow-automation""]","[""research-grounding"", ""content-understanding""]","[""packaging-activation-drift"", ""version-drift""]","[""provenance-loss"", ""stale-state"", ""domain-context-contamination""]","[""domain scoping"", ""source and variable modeling"", ""Core construction"", ""interface validation""]","[""recurrence_pattern_stable"", ""has_supplied_sources"", ""multi_document"", ""persistent_work""]","[""evidence_unavailable"", ""missing_required_information""]",L3,L4,"[""agent-development"", ""research"", ""medical-evidence"", ""legal-evidence""]","[""knowledge-explanation"", ""content-transformation"", ""creative-exploration"", ""action-execution""]","[""behavior-gene-builder""]","[""architect-orchestrator""]","[{""slug"": ""behavior-gene-builder"", ""reason"": ""Keep sourced knowledge and decision logic in the Core while reusable behavior remains in Genes.""}]",strongly-derivable,PASS,A high-cost packaging prior for recurring sourced domains; a small on-demand reference is normally sufficient instead.
domain-mode-isolation,1.1.0,Domain / Mode Isolation,"[""workflow-automation"", ""content-understanding""]","[""research-grounding"", ""action-execution"", ""skill-agent-creation""]","[""domain-context-contamination"", ""mode-scope-authority-drift""]","[""branch-contamination"", ""action-permission-risk""]","[""domain classification"", ""context loading"", ""mode transition"", ""output validation""]","[""multi_document"", ""multi_agent_available"", ""tightly_shared_state"", ""high_stakes""]",[],L1,L4,"[""agent-development"", ""medical-evidence"", ""legal-evidence"", ""research""]","[""knowledge-explanation"", ""content-transformation""]","[""mode-lock-in"", ""scoped-loader""]","[""cross-context-resonance-lock"", ""state-routing-bus""]","[{""slug"": ""clarification-gateway"", ""reason"": ""Clarify ambiguous domain or mode before isolating state.""}, {""slug"": ""state-routing-bus"", ""reason"": ""Permit only explicit reviewed transfers of shared facts between partitions.""}]",sufficiently-recovered,PASS,Requires materially distinct domains or semantic modes; isolation must not hide a required cross-domain dependency.
domain-normalized-drift,1.1.0,Domain-Calibrated Change Tolerance,"[""content-transformation"", ""evaluation-audit""]","[""skill-agent-creation"", ""content-authoring""]","[""domain-context-contamination"", ""invariant-violation""]","[""under-verification"", ""over-verification"", ""constraint-loss""]","[""domain classification"", ""risk assessment"", ""corridor initialization"", ""validation planning""]","[""high_stakes"", ""requires_exact_fidelity"", ""contains_protected_literals"", ""sensitive_data""]","[""missing_required_information""]",L2,L3,"[""medical-evidence"", ""legal-evidence"", ""documentation"", ""authoring"", ""agent-development""]","[""knowledge-explanation"", ""creative-exploration"", ""constraint-reasoning""]","[""controlled-drift-corridors""]","[""drift-spectra-scaling"", ""risk-tier-scaling""]","[{""slug"": ""clarification-gateway"", ""reason"": ""An ambiguous high-stakes domain must be clarified rather than assigned a stereotyped tolerance.""}, {""slug"": ""zero-drift-zones"", ""reason"": ""Explicit protected regions override domain-default change tolerance.""}]",strongly-derivable,PASS,"Domain supplies a prior, never a substitute for task-specific evidence or explicit fidelity policy."
dominant-driver-isolation-scaffold,1.1.0,Dominant-Driver Isolation Scaffold,"[""decision-support"", ""software-engineering"", ""quantitative-analysis""]","[""planning-design"", ""research-grounding""]","[""tunnel-vision"", ""premature-commitment""]","[""unsupported-claim"", ""invalid-validation-signal""]","[""diagnosis"", ""prioritization"", ""intervention selection""]","[""evidence_conflicting"", ""multi_document"", ""high_stakes""]","[""evidence_unavailable"", ""missing_required_information""]",L1,L3,"[""software-development"", ""data-analysis"", ""research"", ""general""]","[""content-transformation"", ""creative-exploration"", ""action-execution""]","[""decision-first-scaffold"", ""anti-tunnel-vision""]","[""critical-atomic-verification""]","[{""slug"": ""multi-layer-consistency"", ""reason"": ""A prioritized driver must still fit known joint causes and system-wide constraints.""}]",source-gap,PASS,Use for evidence-supported prioritization among plausible causes; correlation alone or required complete hazard inventory excludes it.
drift-immunity-propagation,1.1.0,Downstream Invariant Protection,"[""content-transformation"", ""workflow-automation"", ""evaluation-audit""]","[""software-engineering"", ""content-authoring""]","[""invariant-violation"", ""provenance-loss""]","[""lost-state"", ""domain-context-contamination""]","[""artifact derivation"", ""state projection"", ""agent handoff"", ""final aggregation""]","[""persistent_work"", ""handoff_expected"", ""multi_document"", ""requires_exact_fidelity"", ""contains_protected_literals""]","[""evidence_unavailable""]",L2,L4,"[""long-context"", ""agent-development"", ""software-development"", ""research"", ""documentation""]","[""knowledge-explanation"", ""creative-exploration"", ""constraint-reasoning""]","[""zero-drift-zones"", ""drift-suppression""]","[""structured-state-projection"", ""working-memory-lock-in""]","[{""slug"": ""controlled-drift-corridors"", ""reason"": ""Propagate only verified invariants while preserving explicitly allowed downstream change.""}, {""slug"": ""scoped-loader"", ""reason"": ""Load protected lineage only where a downstream consumer depends on it.""}]",strongly-derivable,PASS,Requires verified protected material and downstream derivations capable of carrying and validating lineage metadata.
drift-sink-scaffold,1.1.0,Retired-Branch Quarantine,"[""workflow-automation"", ""planning-design""]","[""research-grounding"", ""software-engineering"", ""skill-agent-creation""]","[""branch-contamination"", ""stale-state""]","[""context-overload"", ""task-drift"", ""domain-context-contamination""]","[""conflict resolution"", ""context compaction"", ""branch retirement"", ""review or restore""]","[""long_context"", ""persistent_work"", ""context_window_pressure"", ""corpus_mutable""]","[""evidence_conflicting"", ""requires_exact_fidelity""]",L2,L4,"[""long-context"", ""research"", ""agent-development"", ""software-development""]","[""knowledge-explanation"", ""quantitative-analysis""]","[""non-authoritative-branch-suppression""]","[""meta-stability""]","[""Quarantine only rejected or obsolete branches; preserve unresolved counterevidence and an explicit restore path.""]",source-gap,PASS,Selection prior operationalizes the recovered name without claiming unrecovered historical mechanics.
drift-spectra-scaling,1.1.0,Content-Specific Change Tolerance,"[""content-transformation"", ""content-authoring""]","[""software-engineering"", ""content-understanding""]","[""constraint-loss"", ""invariant-violation""]","[""over-editing"", ""under-editing"", ""task-drift""]","[""content decomposition"", ""risk classification"", ""corridor assignment"", ""review prioritization""]","[""requires_exact_fidelity"", ""contains_protected_literals"", ""multi_document"", ""structured_output_required""]",[],L1,L3,"[""authoring"", ""documentation"", ""long-context"", ""software-development""]","[""knowledge-explanation"", ""action-execution"", ""workflow-automation""]","[""controlled-drift-corridors""]","[""drift-suppression""]","[""Use only when content classes have observable tolerance differences; protected literals remain zero-drift.""]",strongly-derivable,PASS,Maps heterogeneous fidelity requirements to differentiated review depth.
drift-suppression,1.1.0,Drift Suppression,"[""content-transformation"", ""software-engineering"", ""workflow-automation""]","[""research-grounding"", ""action-execution"", ""skill-agent-creation""]","[""task-drift"", ""constraint-loss"", ""stale-state""]","[""branch-contamination"", ""invariant-violation"", ""domain-context-contamination""]","[""before action"", ""after transformation"", ""at checkpoints"", ""final acceptance""]","[""long_context"", ""persistent_work"", ""requires_exact_fidelity"", ""contains_protected_literals"", ""context_window_pressure"", ""corpus_mutable""]",[],L1,L4,"[""long-context"", ""software-development"", ""research"", ""agent-development"", ""legal-evidence""]","[""creative-exploration"", ""knowledge-explanation""]","[""task-set-lock-in""]","[""meta-stability""]","[""Retain declared creative corridors and do not validate against an unsupported summary of the baseline.""]",sufficiently-recovered,PASS,Broad drift control; select only when a semantic baseline and allowed corridor can be stated.
dynamic-depth-allocation,1.1.0,Per-Region Reasoning Depth,"[""content-understanding"", ""research-grounding"", ""software-engineering"", ""evaluation-audit""]","[""quantitative-analysis"", ""planning-design"", ""decision-support""]","[""under-verification"", ""over-verification"", ""evidence-coverage-gap""]","[""context-overload"", ""weak-stopping-rule"", ""invalid-validation-signal""]","[""task decomposition"", ""regional scoring"", ""depth routing"", ""reallocation""]","[""long_context"", ""multi_document"", ""high_stakes"", ""context_window_pressure"", ""evidence_conflicting""]","[""deterministic_verifier_available"", ""acceptance_criteria_present""]",L2,L4,"[""long-context"", ""research"", ""software-development"", ""data-analysis"", ""medical-evidence""]","[""knowledge-explanation"", ""content-transformation""]","[""reasoning-scale-controller"", ""risk-tier-scaling""]","[""parallel-qms""]","[""Regional scoring must be observable enough to audit; use direct validators instead of model depth where available.""]",sufficiently-recovered,PASS,Allocates depth by local marginal value rather than applying uniform scrutiny.
epistemic-status-gating,1.1.0,Evidence-Confidence Gate,"[""research-grounding"", ""decision-support"", ""evaluation-audit""]","[""knowledge-explanation"", ""content-authoring"", ""quantitative-analysis""]","[""unsupported-claim"", ""unsupported-precision"", ""poor-uncertainty-handling"", ""abstention-miscalibration""]","[""source-applicability-mismatch"", ""evidence-conflict-suppression"", ""capability-hallucination""]","[""evidence-capture"", ""reasoning"", ""pre-output-verification""]","[""high_stakes"", ""evidence_conflicting"", ""evidence_unavailable"", ""requires_citations"", ""time_sensitive""]",[],L1,L4,"[""research"", ""medical-evidence"", ""legal-evidence"", ""data-analysis"", ""general""]","[""content-transformation"", ""creative-exploration""]","[""grounding-no-invention""]","[""multi-truth-gating"", ""fail-closed-abstention""]","[""Expose concise claim status, not private reasoning; labels do not substitute for evidence.""]",strongly-derivable,PASS,Strong direct ontology support from four primary failure-control links.
explanation-minimality-scaffold,1.1.0,Minimum Sufficient Explanation,"[""knowledge-explanation"", ""content-authoring""]","[""planning-design"", ""evaluation-audit""]","[""over-branching"", ""weak-stopping-rule""]","[""poor-uncertainty-handling"", ""poor-handoff"", ""abstention-miscalibration""]","[""response planning"", ""draft compression"", ""final readability check""]","[""structured_output_required"", ""acceptance_criteria_present""]","[""high_stakes"", ""requires_citations"", ""missing_required_information""]",L0,L2,"[""general"", ""documentation"", ""authoring"", ""software-development""]","[""research-grounding"", ""constraint-reasoning"", ""action-execution""]",[],"[""pedagogical-alignment""]","[""Retain rationale, uncertainty, warnings, and verification details that change safe use or comprehension.""]",modern-operationalization,PASS,"Compression prior for bounded outputs, not a mandate to omit decision-relevant support."
external-state-automation,1.1.0,External State Automation,"[""workflow-automation"", ""action-execution"", ""skill-agent-creation""]","[""software-engineering"", ""planning-design""]","[""lost-state"", ""poor-handoff""]","[""stale-state"", ""action-permission-risk"", ""version-drift""]","[""state checkpoint"", ""external write"", ""session restoration"", ""consistency verification""]","[""persistent_work"", ""handoff_expected"", ""durable_state_available"", ""file_write_allowed"", ""external_action_allowed""]","[""review_only"", ""sensitive_data""]",L2,L4,"[""agent-development"", ""software-development"", ""long-context"", ""general""]","[""knowledge-explanation"", ""creative-exploration"", ""evaluation-audit""]","[""state-snapshot"", ""sequential-memory-state-engine""]","[""state-routing-bus""]","[""Persistence requires both host capability and explicit write authority; verify restored state against the current source of truth.""]",sufficiently-recovered,PASS,"Unavailable or unauthorized storage is a hard boundary, not a prompt-level capability."
fail-closed-abstention,1.1.0,Fail-Closed Abstention,"[""research-grounding"", ""action-execution"", ""evaluation-audit""]","[""decision-support"", ""quantitative-analysis"", ""knowledge-explanation""]","[""abstention-miscalibration"", ""unsupported-claim""]","[""missing-required-information"", ""poor-uncertainty-handling"", ""capability-hallucination"", ""action-permission-risk"", ""irreversible-action-risk""]","[""post-validation"", ""pre-output-commitment""]","[""irreversible_action"", ""high_stakes"", ""evidence_unavailable"", ""missing_required_information""]",[],L2,L4,"[""medical-evidence"", ""legal-evidence"", ""research"", ""software-development"", ""general""]","[""creative-exploration"", ""content-transformation""]","[""grounding-no-invention"", ""epistemic-status-gating""]","[""fermionic-veto""]","[""Return supported partial results when useful; abstain only at the unsupported or unsafe commitment boundary.""]",sufficiently-recovered,PASS,"Fail closed on essential support, not on optional evidence that does not affect the deliverable."
fermionic-veto,1.1.0,Non-Compensable Constraint Veto,"[""constraint-reasoning"", ""action-execution"", ""evaluation-audit""]","[""decision-support"", ""software-engineering""]","[""invariant-violation"", ""irreversible-action-risk"", ""action-permission-risk""]","[""under-verification"", ""evidence-conflict-suppression"", ""invalid-validation-signal""]","[""candidate evaluation"", ""QMS collapse"", ""pre-action safety gate""]","[""high_stakes"", ""irreversible_action"", ""contains_protected_literals"", ""requires_exact_fidelity""]","[""missing_required_information"", ""evidence_unavailable""]",L3,L4,"[""medical-evidence"", ""legal-evidence"", ""software-development"", ""data-analysis"", ""agent-development""]","[""knowledge-explanation"", ""creative-exploration"", ""content-authoring""]","[""critical-atomic-verification""]","[""fail-closed-abstention""]","[""Use only for defined, evidenced, non-compensable predicates; never promote a soft preference into a veto.""]",sufficiently-recovered,PASS,"A gate in aggregation or action selection, not a general severity label."
forethought-checkpoints,1.1.0,Forethought / Checkpoints,"[""action-execution"", ""planning-design"", ""software-engineering"", ""workflow-automation""]","[""decision-support"", ""skill-agent-creation""]","[""tool-misuse"", ""action-permission-risk"", ""irreversible-action-risk""]","[""premature-commitment"", ""weak-stopping-rule""]","[""before external action"", ""before destructive change"", ""before dependency handoff""]","[""tools_required"", ""irreversible_action"", ""human_approval_available"", ""external_action_allowed"", ""high_stakes""]","[""review_only""]",L1,L4,"[""software-development"", ""agent-development"", ""general"", ""legal-evidence""]","[""content-understanding"", ""knowledge-explanation""]","[""task-set-lock-in""]","[""fail-closed-abstention""]","[""Scale checkpoint cost to reversibility and consequence; do not duplicate an already enforced transaction guard.""]",sufficiently-recovered,PASS,Direct primary control for three tool and action failure modes.
future-proof-mode-selector,1.1.0,Runtime Compatibility Mode Selector,"[""skill-agent-creation"", ""workflow-automation""]","[""software-engineering"", ""planning-design""]","[""capability-hallucination"", ""version-drift"", ""packaging-activation-drift""]","[""mode-scope-authority-drift"", ""invalid-validation-signal""]","[""capability probe"", ""task-risk assessment"", ""mode selection"", ""fallback routing""]","[""tools_required"", ""multi_agent_available"", ""network_available"", ""durable_state_available""]",[],L3,L5,"[""agent-development"", ""software-development"", ""general""]","[""knowledge-explanation"", ""content-understanding"", ""content-transformation"", ""quantitative-analysis""]","[""model-size-drift-scaling""]","[""hybrid-mode""]","[""Capability probes may scale scaffolding but cannot weaken truth, authority, or safety invariants.""]",sufficiently-recovered,PASS,Relevant only when one package must run across materially different hosts or model capabilities.
grounding-no-invention,1.1.0,Grounding / No-Invention,"[""research-grounding"", ""content-understanding"", ""evaluation-audit""]","[""content-authoring"", ""decision-support"", ""action-execution"", ""knowledge-explanation""]","[""unsupported-claim"", ""capability-hallucination""]","[""unsupported-precision"", ""citation-source-mismatch"", ""poor-uncertainty-handling"", ""invalid-validation-signal"", ""abstention-miscalibration"", ""domain-context-contamination""]","[""evidence-intake"", ""reasoning"", ""draft-validation"", ""pre-output-verification""]","[""has_supplied_sources"", ""requires_citations"", ""tools_required"", ""web_available"", ""external_research_allowed"", ""review_only"", ""high_stakes""]",[],L0,L4,"[""research"", ""medical-evidence"", ""legal-evidence"", ""documentation"", ""general""]","[""creative-exploration""]",[],"[""epistemic-status-gating"", ""fail-closed-abstention""]","[""Allow clearly labeled invention in creative work; do not convert source-bounded work into external research without permission.""]",sufficiently-recovered,PASS,"Foundational prior whenever output depends on documents, observations, tools, or consequential factual claims."
hybrid-mode,1.1.0,Explore-Then-Commit Mode,"[""planning-design"", ""software-engineering"", ""action-execution""]","[""workflow-automation"", ""skill-agent-creation"", ""research-grounding""]","[""premature-commitment"", ""mode-scope-authority-drift"", ""action-permission-risk"", ""branch-contamination""]","[""under-verification"", ""task-drift"", ""constraint-loss""]","[""POWER planning"", ""collapse and handoff"", ""SAFE execution"", ""post-execution validation""]","[""editing_requested"", ""external_action_allowed"", ""irreversible_action"", ""high_stakes"", ""persistent_work""]","[""review_only"", ""missing_required_information""]",L3,L5,"[""software-development"", ""agent-development"", ""research"", ""general""]","[""knowledge-explanation"", ""content-understanding"", ""evaluation-audit""]","[""power-mode"", ""mode-lock-in""]","[""ultimate-suite-supervisor""]","[""The planning-to-execution transition needs explicit authority, a collapsed state, and postcondition validation.""]",sufficiently-recovered,PASS,"Select for genuine explore-then-commit workflows, not ordinary bounded implementation."
image-text-fidelity-capture,1.1.0,Image Text Fidelity Capture,"[""content-understanding"", ""research-grounding""]","[""content-transformation"", ""evaluation-audit""]","[""provenance-loss"", ""citation-source-mismatch"", ""invariant-violation"", ""unsupported-claim""]","[""evidence-coverage-gap"", ""unsupported-precision""]","[""source-intake"", ""evidence-capture"", ""capture-validation""]","[""has_supplied_sources"", ""requires_exact_fidelity"", ""contains_protected_literals"", ""requires_citations"", ""multi_document"", ""tools_required""]",[],L1,L3,"[""research"", ""long-context"", ""medical-evidence"", ""legal-evidence"", ""documentation""]","[""knowledge-explanation"", ""creative-exploration"", ""action-execution""]","[""scoped-loader""]","[""critical-atomic-verification""]","[""Keep transcription separate from visual interpretation and preserve location-level provenance for uncertain capture.""]",sufficiently-recovered,PASS,Use only when image-borne text or visible structure is part of the source corpus.
invariance-stress-scaffold,1.1.0,Protected-Constraint Robustness Test,"[""software-engineering"", ""content-transformation""]","[""constraint-reasoning"", ""evaluation-audit""]","[""invariant-violation""]","[""over-editing"", ""under-editing"", ""under-verification"", ""constraint-loss""]","[""post-draft validation"", ""pre-release stress testing""]","[""tests_available"", ""editing_requested"", ""file_write_allowed"", ""requires_exact_fidelity"", ""contains_protected_literals"", ""deterministic_verifier_available""]",[],L1,L3,"[""software-development"", ""documentation"", ""authoring"", ""agent-development""]","[""knowledge-explanation"", ""creative-exploration""]","[""bidirectional-consistency""]","[""parallel-qms""]","[""Stress only declared invariants; do not treat intentionally transformed features as preservation failures.""]",source-gap,PASS,Operational selection prior only; the original historical mechanics remain unrecovered.
meta-awareness,1.1.0,Workflow Health Monitor,"[""workflow-automation"", ""skill-agent-creation"", ""software-engineering""]","[""planning-design"", ""research-grounding""]","[""orchestration-fragmentation"", ""weak-stopping-rule"", ""stale-state""]","[""lost-state"", ""task-drift"", ""over-branching""]","[""runtime observation"", ""health classification"", ""supervisor notification""]","[""persistent_work"", ""handoff_expected"", ""multi_agent_available"", ""long_context""]","[""deterministic_verifier_available""]",L3,L5,"[""agent-development"", ""software-development"", ""long-context"", ""research""]","[""knowledge-explanation"", ""content-transformation"", ""quantitative-analysis""]","[""forethought-checkpoints""]","[""meta-supervisor""]","[""Monitor only observable process-health signals and route them to bounded repair; do not imply sentience or hidden introspection.""]",sufficiently-recovered,PASS,"A high-complexity workflow monitor, not a default self-reflection layer."
meta-stability,1.1.0,Stable-State Recovery Mode,"[""workflow-automation"", ""skill-agent-creation"", ""software-engineering""]","[""planning-design"", ""research-grounding""]","[""stale-state"", ""lost-state"", ""branch-contamination""]","[""orchestration-fragmentation"", ""version-drift"", ""task-drift""]","[""instability detection"", ""change freeze"", ""checkpoint restoration"", ""controlled resume""]","[""persistent_work"", ""long_context"", ""context_window_pressure"", ""tightly_shared_state"", ""corpus_mutable""]","[""branches_independent""]",L2,L4,"[""long-context"", ""agent-development"", ""software-development"", ""research""]","[""knowledge-explanation"", ""content-transformation"", ""quantitative-analysis""]","[""drift-suppression"", ""state-snapshot""]","[""meta-supervisor""]","[""Restore only a verified trusted checkpoint; local defects should use local repair instead of freezing the workflow.""]",sufficiently-recovered,PASS,Recovery prior for observable coherence degradation under repeated change.
meta-supervisor,1.1.0,Workflow Repair Supervisor,"[""skill-agent-creation"", ""workflow-automation""]","[""software-engineering"", ""research-grounding""]","[""orchestration-fragmentation"", ""weak-stopping-rule"", ""over-branching""]","[""under-verification"", ""over-verification"", ""task-drift"", ""lost-state""]","[""health intake"", ""failure classification"", ""repair routing"", ""recheck""]","[""multi_agent_available"", ""persistent_work"", ""branches_independent"", ""handoff_expected""]","[""tightly_shared_state"", ""deterministic_verifier_available"", ""review_only""]",L4,L5,"[""agent-development"", ""software-development"", ""long-context"", ""research""]","[""knowledge-explanation"", ""content-transformation"", ""quantitative-analysis"", ""creative-exploration""]","[""meta-awareness"", ""meta-stability""]","[""ultimate-suite-supervisor""]","[""Use only when multiple repair modules need routing; one observable local defect should remain a local repair.""]",strongly-derivable,PASS,"Composition priors explicitly demote or exclude this supervisor for simple, deterministic, or tightly shared-state work."
micro-repair,1.1.0,Minimal Local Correction,"[""software-engineering"", ""content-transformation""]","[""content-authoring""]","[""over-editing""]","[""invariant-violation"", ""under-editing"", ""constraint-loss""]","[""defect localization"", ""local correction"", ""neighborhood recheck""]","[""editing_requested"", ""file_write_allowed"", ""reproduction_available"", ""acceptance_criteria_present""]","[""review_only"", ""irreversible_action""]",L0,L2,"[""software-development"", ""documentation"", ""authoring"", ""general""]","[""planning-design"", ""research-grounding"", ""evaluation-audit""]",[],"[""surgery-edit"", ""regenerative-rewrite""]","[""Confirm the defect is local; repeated or architectural failure requires a broader repair class.""]",sufficiently-recovered,PASS,Direct primary control for over-editing and the default prior for reproducible bounded fixes.
micro-scaffolding,1.1.0,Micro-Scaffolding,"[""content-transformation"", ""software-engineering"", ""constraint-reasoning""]","[""research-grounding"", ""content-authoring""]","[""constraint-loss"", ""invariant-violation"", ""task-drift""]","[""context-overload"", ""under-verification""]","[""pre-subtask planning"", ""execution"", ""subtask completion""]","[""requires_exact_fidelity"", ""contains_protected_literals"", ""structured_output_required"", ""acceptance_criteria_present"", ""high_stakes""]","[""context_window_pressure""]",L1,L2,"[""software-development"", ""documentation"", ""authoring"", ""data-analysis""]","[""knowledge-explanation"", ""creative-exploration"", ""action-execution""]","[""task-set-lock-in""]","[""phase-locked-reasoning-scaffold""]","[""Keep the scaffold local and temporary; do not duplicate the parent StateBlock or source corpus.""]",sufficiently-recovered,PASS,"Bounded local aid for fragile multi-step work, not an always-on prompt wrapper."
mode-lock-in,1.1.0,Mode Lock-In,"[""action-execution"", ""evaluation-audit"", ""software-engineering""]","[""planning-design"", ""workflow-automation"", ""content-transformation""]","[""mode-scope-authority-drift""]","[""action-permission-risk"", ""task-drift"", ""domain-context-contamination""]","[""after clarification"", ""before substantive work"", ""at transition requests"", ""final validation""]","[""review_only"", ""editing_requested"", ""external_action_allowed"", ""persistent_work"", ""high_stakes""]","[""missing_required_information""]",L1,L3,"[""software-development"", ""agent-development"", ""legal-evidence"", ""general""]","[""creative-exploration"", ""knowledge-explanation""]","[""task-set-lock-in""]","[""meta-stability""]","[""Clarify materially different modes before locking; explicit user-authorized transitions must remain possible.""]",sufficiently-recovered,PASS,"Direct primary control for mode, scope, and authority drift."
model-size-drift-scaling,1.1.0,Model-Capability Scaffolding Scale,"[""skill-agent-creation"", ""workflow-automation""]","[""software-engineering""]","[""packaging-activation-drift"", ""capability-hallucination"", ""version-drift""]","[""over-verification"", ""invalid-validation-signal""]","[""model evaluation"", ""control classification"", ""scaffold scaling"", ""regression monitoring""]","[""tests_available"", ""deterministic_verifier_available"", ""multi_agent_available"", ""tools_required""]","[""evidence_unavailable""]",L3,L5,"[""agent-development"", ""software-development"", ""general""]","[""knowledge-explanation"", ""content-understanding"", ""content-transformation"", ""content-authoring""]","[""reasoning-scale-controller""]","[""future-proof-mode-selector""]","[""Scale only controls supported by comparative evidence; never remove invariant truth, safety, or authority boundaries.""]",sufficiently-recovered,PASS,"Model strength is a measured compatibility input, not blanket permission to simplify."
multi-layer-consistency,1.1.0,Multi-Layer Consistency,"[""software-engineering"", ""content-authoring"", ""constraint-reasoning""]","[""planning-design"", ""evaluation-audit"", ""content-understanding""]","[""invariant-violation"", ""constraint-loss"", ""under-editing""]","[""under-verification"", ""domain-context-contamination"", ""invalid-validation-signal""]","[""integration"", ""hierarchical validation"", ""pre-release""]","[""multi_document"", ""long_context"", ""structured_output_required"", ""acceptance_criteria_present"", ""requires_exact_fidelity""]",[],L2,L4,"[""software-development"", ""documentation"", ""long-context"", ""legal-evidence"", ""agent-development""]","[""knowledge-explanation"", ""creative-exploration""]","[""bidirectional-consistency""]","[""parallel-qms""]","[""Apply only where layers are nested or compositional; peer alternatives should remain distinct rather than forced consistent.""]",sufficiently-recovered,PASS,"Vertical consistency prior for artifacts with meaningful local, module, and global levels."
multi-truth-gating,1.1.0,Independent Evidence Gate,"[""research-grounding"", ""decision-support"", ""evaluation-audit""]","[""knowledge-explanation"", ""quantitative-analysis""]","[""evidence-conflict-suppression"", ""unsupported-claim""]","[""poor-uncertainty-handling"", ""source-applicability-mismatch"", ""invalid-validation-signal""]","[""post-analysis"", ""pre-synthesis"", ""pre-output-commitment""]","[""evidence_conflicting"", ""high_stakes"", ""multi_document"", ""requires_citations""]","[""deterministic_verifier_available"", ""evidence_unavailable""]",L3,L4,"[""research"", ""medical-evidence"", ""legal-evidence"", ""data-analysis"", ""general""]","[""content-transformation"", ""action-execution"", ""creative-exploration""]","[""epistemic-status-gating""]","[""fermionic-veto"", ""parallel-qms""]","[""Require genuinely independent and applicable anchors; duplicated provenance is not multiple truth support.""]",sufficiently-recovered,PASS,High-cost gate for consequential conclusions resting on fragile or conflicting evidence.
multiverse-reasoning,1.1.0,Bounded Alternative Search,"[""planning-design"", ""creative-exploration"", ""decision-support""]","[""research-grounding"", ""software-engineering""]","[""premature-commitment"", ""tunnel-vision""]","[""invalid-validation-signal"", ""branch-contamination"", ""over-branching"", ""weak-stopping-rule""]","[""planning"", ""hypothesis comparison"", ""architecture selection"", ""pre-draft outline selection""]","[""branches_independent"", ""evidence_conflicting""]","[""requires_exact_fidelity"", ""irreversible_action"", ""tightly_shared_state"", ""time_sensitive""]",L3,L4,"[""agent-development"", ""research"", ""software-development"", ""authoring"", ""general""]","[""content-transformation"", ""action-execution"", ""knowledge-explanation""]","[""anti-tunnel-vision""]","[""power-mode""]","[""Bound branch count, isolate assumptions, define collapse criteria, and stop when alternatives no longer add decision value.""]",sufficiently-recovered,PASS,Expensive alternative search; never the default for a precise or single-path task.
neuro-focus,1.1.0,Bounded Attention Focus,"[""content-understanding"", ""research-grounding"", ""software-engineering""]","[""evaluation-audit"", ""constraint-reasoning""]","[""context-overload"", ""evidence-coverage-gap""]","[""tunnel-vision"", ""premature-commitment""]","[""post-intake prioritization"", ""focused execution"", ""checkpoint review""]","[""long_context"", ""multi_document"", ""context_window_pressure""]","[""evidence_conflicting"", ""branches_independent""]",L1,L3,"[""long-context"", ""research"", ""software-development"", ""medical-evidence"", ""legal-evidence""]","[""creative-exploration"", ""action-execution"", ""workflow-automation""]","[""scoped-loader""]","[""dynamic-depth-allocation""]","[""Sample decisive context before narrowing and pair with anti-tunnel-vision when plausible alternatives remain.""]",strongly-derivable,PASS,"Attention allocation prior for a known bounded target, not a substitute for discovery."
non-authoritative-branch-suppression,1.1.0,Non-Authoritative Branch Suppression,"[""research-grounding"", ""planning-design"", ""content-understanding""]","[""software-engineering"", ""evaluation-audit""]","[""branch-contamination"", ""domain-context-contamination""]","[""evidence-conflict-suppression"", ""tunnel-vision"", ""stale-state""]","[""context classification"", ""retrieval"", ""branch selection"", ""pre-action validation""]","[""has_supplied_sources"", ""multi_document"", ""long_context"", ""requires_exact_fidelity""]","[""evidence_conflicting"", ""missing_required_information""]",L2,L3,"[""research"", ""long-context"", ""legal-evidence"", ""software-development"", ""documentation""]","[""creative-exploration"", ""action-execution""]","[""drift-suppression""]","[""drift-sink-scaffold""]","[""Authority must be resolved first; preserve contrary evidence even when its branch is non-governing.""]",source-gap,PASS,Operational prior only; original historical mechanics remain unrecovered.
parallel-qms,1.1.0,Parallel Validation System,"[""evaluation-audit"", ""research-grounding"", ""software-engineering""]","[""decision-support"", ""action-execution"", ""skill-agent-creation""]","[""under-verification"", ""invalid-validation-signal""]","[""over-verification"", ""orchestration-fragmentation"", ""evidence-conflict-suppression""]","[""validation design"", ""parallel or staged evaluation"", ""repair"", ""global QMS collapse""]","[""high_stakes"", ""irreversible_action"", ""evidence_conflicting"", ""branches_independent"", ""multi_agent_available""]","[""deterministic_verifier_available"", ""tightly_shared_state""]",L3,L5,"[""research"", ""software-development"", ""medical-evidence"", ""legal-evidence"", ""agent-development""]","[""knowledge-explanation"", ""content-transformation"", ""creative-exploration""]","[""critical-atomic-verification""]","[""ultimate-suite-supervisor""]","[""Validators need distinct failure targets or evidence; majority vote and correlated self-critique are not independent validation.""]",sufficiently-recovered,PASS,Use only when structured multi-validator topology adds information beyond one direct check.
pedagogical-alignment,1.1.0,Pedagogical Alignment Constraint,"[""knowledge-explanation"", ""content-authoring""]","[""content-transformation""]","[""task-drift"", ""unsupported-claim""]","[""poor-uncertainty-handling"", ""constraint-loss""]","[""audience modeling"", ""explanation design"", ""comprehension validation""]","[""structured_output_required"", ""acceptance_criteria_present""]","[""requires_exact_fidelity"", ""contains_protected_literals"", ""high_stakes""]",L1,L2,"[""documentation"", ""authoring"", ""general"", ""software-development""]","[""action-execution"", ""workflow-automation"", ""evaluation-audit""]","[""explanation-minimality-scaffold""]","[""style-alignment""]","[""Adapt presentation without weakening claims, erasing uncertainty, or altering protected wording.""]",sufficiently-recovered,PASS,Requires a known audience or a non-material audience assumption.
phase-locked-reasoning-scaffold,1.1.0,Stage-Separated Reasoning Scaffold,"[""research-grounding"", ""content-authoring"", ""content-understanding""]","[""decision-support"", ""evaluation-audit"", ""planning-design""]","[""branch-contamination"", ""provenance-loss"", ""evidence-conflict-suppression""]","[""premature-commitment"", ""task-drift"", ""constraint-loss""]","[""evidence processing"", ""analysis"", ""synthesis"", ""final validation""]","[""multi_document"", ""long_context"", ""has_supplied_sources"", ""requires_citations"", ""context_window_pressure""]","[""tightly_shared_state""]",L2,L4,"[""research"", ""long-context"", ""medical-evidence"", ""legal-evidence"", ""authoring""]","[""knowledge-explanation"", ""action-execution""]","[""mode-lock-in"", ""micro-scaffolding""]","[""multi-layer-consistency""]","[""Declare governed transitions between phases; separation must not block legitimate integration or hide source uncertainty.""]",strongly-derivable,PASS,"Select when evidence, analysis, synthesis, and validation have distinct contamination risks."
placeholder-suppression,1.1.0,Placeholder Suppression,"[""content-authoring"", ""software-engineering"", ""skill-agent-creation""]","[""content-transformation"", ""workflow-automation""]","[""under-editing"", ""packaging-activation-drift"", ""invariant-violation""]","[""invalid-validation-signal"", ""under-verification""]","[""artifact assembly"", ""pre-release scan"", ""finalization gate""]","[""structured_output_required"", ""acceptance_criteria_present"", ""editing_requested"", ""file_write_allowed""]","[""requires_exact_fidelity""]",L1,L2,"[""documentation"", ""software-development"", ""agent-development"", ""authoring""]","[""knowledge-explanation"", ""research-grounding"", ""decision-support"", ""action-execution""]","[""critical-atomic-verification""]","[""parallel-qms""]","[""Preserve placeholders when they are the declared product, approved redaction markers, or syntax examples.""]",sufficiently-recovered,PASS,Finalization check for template-driven artifacts; not a global ban on placeholder syntax.
power-mode,1.1.0,Deep Exploration Mode,"[""planning-design"", ""creative-exploration""]","[""software-engineering"", ""skill-agent-creation"", ""decision-support"", ""research-grounding""]","[""premature-commitment"", ""tunnel-vision""]","[""task-drift"", ""over-branching"", ""weak-stopping-rule"", ""branch-contamination""]","[""problem framing"", ""candidate generation"", ""system analysis"", ""QMS collapse""]","[""branches_independent"", ""acceptance_criteria_present"", ""persistent_work"", ""multi_agent_available""]","[""requires_exact_fidelity"", ""irreversible_action"", ""time_sensitive"", ""tightly_shared_state""]",L3,L5,"[""agent-development"", ""software-development"", ""research"", ""authoring"", ""general""]","[""content-transformation"", ""action-execution"", ""knowledge-explanation"", ""evaluation-audit""]","[""multiverse-reasoning""]","[""hybrid-mode""]","[""Bound exploration by decision criteria, branch budget, and collapse rules before any committed execution.""]",sufficiently-recovered,PASS,"Meta-architecture prior for genuinely ambiguous system-wide design, never ordinary grounded execution."
progressive-mode-shaping,1.1.0,Explore-to-Execute Transition,"[""planning-design""]","[""creative-exploration"", ""action-execution""]","[""premature-commitment"", ""mode-scope-authority-drift""]","[""task-drift"", ""poor-handoff""]","[""exploration"", ""candidate comparison"", ""decision lock"", ""execution handoff""]","[""acceptance_criteria_present"", ""editing_requested"", ""external_action_allowed""]","[""review_only"", ""missing_required_information""]",L2,L4,"[""general"", ""software-development"", ""agent-development""]","[""knowledge-explanation"", ""content-transformation""]","[""mode-lock-in""]","[""stateblock""]","[{""slug"": ""anti-tunnel-vision"", ""reason"": ""Preserves alternative consideration before the decision is locked.""}]",sufficiently-recovered,PASS,Prefer only when exploration must converge into a committed execution path; selection does not itself authorize action.
reasoning-scale-controller,1.1.0,Task-Scope Reasoning Controller,"[""planning-design""]","[""constraint-reasoning"", ""evaluation-audit""]","[""under-verification"", ""over-verification""]","[""weak-stopping-rule"", ""context-overload""]","[""task triage"", ""reasoning execution"", ""escalation and de-escalation""]","[""high_stakes"", ""acceptance_criteria_present"", ""deterministic_verifier_available""]","[""missing_required_information""]",L1,L4,"[""general"", ""software-development"", ""research"", ""agent-development""]","[""content-transformation""]","[""micro-scaffolding""]","[""cognitive-governor""]","[{""slug"": ""bounded-exit"", ""reason"": ""Prevents scale adjustment from becoming an unbounded reasoning loop.""}, {""slug"": ""critical-atomic-verification"", ""reason"": ""Keeps decisive high-risk units independently checked.""}]",sufficiently-recovered,PASS,Use as a proportionality prior when task difficulty or risk varies; it does not prescribe hidden reasoning output.
reasoning-throughput-governor,1.1.0,Reasoning Efficiency Controller,"[""workflow-automation""]","[""planning-design"", ""skill-agent-creation""]","[""over-branching"", ""context-overload""]","[""weak-stopping-rule"", ""orchestration-fragmentation""]","[""queue planning"", ""batch and concurrency control"", ""validation scheduling"", ""backpressure response""]","[""multi_agent_available"", ""branches_independent"", ""tools_required""]","[""tightly_shared_state"", ""irreversible_action""]",L3,L5,"[""agent-development"", ""software-development"", ""research""]","[""knowledge-explanation"", ""content-transformation""]","[""reasoning-scale-controller""]","[""ultimate-suite-supervisor""]","[{""slug"": ""meta-awareness"", ""reason"": ""Checks whether concurrency and batching are improving rather than degrading the run.""}]",sufficiently-recovered,PASS,Promote only for observable multi-unit workloads; do not infer permission to parallelize a serial or consequential procedure.
reflectos,1.1.0,Checkpointed Work Reflection,"[""evaluation-audit""]","[""planning-design"", ""content-authoring""]","[""under-verification"", ""task-drift""]","[""invalid-validation-signal"", ""weak-stopping-rule""]","[""milestone review"", ""pre-delivery"", ""after failed validation""]","[""acceptance_criteria_present"", ""deterministic_verifier_available"", ""persistent_work""]","[""context_window_pressure""]",L2,L4,"[""general"", ""software-development"", ""authoring"", ""documentation""]","[""creative-exploration""]","[""coherence-loops""]","[""meta-supervisor""]","[{""slug"": ""crispr-edit"", ""reason"": ""Converts detected defects into bounded corrections instead of broad rework.""}]",sufficiently-recovered,PASS,"Select for meaningful checkpoints, not as a mandatory reflection ritual after every trivial step."
regenerative-rewrite,1.1.0,Full-Structure Invariant-Preserving Rewrite,"[""content-transformation""]","[""content-authoring"", ""software-engineering""]","[""under-editing"", ""invariant-violation""]","[""constraint-loss"", ""provenance-loss"", ""over-editing""]","[""failure diagnosis"", ""truth-and-constraint extraction"", ""fresh reconstruction"", ""global validation""]","[""requires_exact_fidelity"", ""contains_protected_literals"", ""acceptance_criteria_present""]","[""missing_required_information"", ""context_window_pressure""]",L3,L4,"[""authoring"", ""documentation"", ""software-development"", ""long-context""]","[""knowledge-explanation"", ""action-execution""]","[""safe-rewrite""]","[""surgery-edit""]","[{""slug"": ""micro-repair"", ""reason"": ""Suppresses full regeneration when a localized correction is sufficient.""}]",sufficiently-recovered,PASS,Reserve for globally unsound structure with recoverable invariants; a small defect should rank a local edit higher.
resonance,1.1.0,Cross-Module Coordination,"[""workflow-automation""]","[""skill-agent-creation"", ""planning-design""]","[""orchestration-fragmentation"", ""branch-contamination""]","[""domain-context-contamination"", ""packaging-activation-drift""]","[""post-selection coordination"", ""mid-process coupling"", ""pre-synthesis alignment""]","[""multi_agent_available"", ""branches_independent"", ""durable_state_available""]","[""tightly_shared_state"", ""context_window_pressure""]",L3,L5,"[""agent-development"", ""software-development""]","[""knowledge-explanation"", ""content-transformation""]",[],"[""resonance-gene-builder""]","[{""slug"": ""domain-mode-isolation"", ""reason"": ""Prevents coordination signals from collapsing domain or authority boundaries.""}]",sufficiently-recovered,PASS,Rank only when multiple active modules need an explicit coupling path; coordination is not permission to share all state.
resonance-gene-builder,1.1.0,Cross-Module Coordination Rule Builder,"[""skill-agent-creation""]","[""workflow-automation"", ""planning-design""]","[""packaging-activation-drift"", ""orchestration-fragmentation""]","[""domain-context-contamination"", ""version-drift""]","[""relationship observation"", ""coupling specification"", ""composition testing"", ""versioned publication""]","[""recurrence_pattern_stable"", ""durable_state_available"", ""deterministic_verifier_available""]","[""missing_required_information"", ""tightly_shared_state""]",L4,L5,"[""agent-development""]","[""knowledge-explanation"", ""content-authoring"", ""content-transformation""]","[""resonance""]","[""behavior-gene-builder""]","[{""slug"": ""domain-mode-isolation"", ""reason"": ""Requires explicit boundaries around every reusable coupling rule.""}]",strongly-derivable,PASS,Prefer only after repeated module interactions establish a stable reusable pattern; do not package one-off coordination.
risk-tier-scaling,1.1.0,Risk-Tier Scaling,"[""evaluation-audit""]","[""decision-support"", ""action-execution""]","[""under-verification"", ""irreversible-action-risk""]","[""over-verification"", ""abstention-miscalibration""]","[""risk triage"", ""control selection"", ""pre-commit validation"", ""risk reclassification""]","[""high_stakes"", ""irreversible_action"", ""external_action_allowed""]","[""review_only""]",L1,L5,"[""general"", ""software-development"", ""medical-evidence"", ""legal-evidence"", ""agent-development""]","[""creative-exploration""]","[""reasoning-scale-controller""]","[""safe-mode"", ""fail-closed-abstention""]","[{""slug"": ""reasoning-throughput-governor"", ""reason"": ""Avoids applying maximal controls uniformly when work units have materially different risk.""}]",sufficiently-recovered,PASS,"Risk classification selects scrutiny, approval, and stopping priors; it does not create authority for consequential actions."
safe-mode,1.1.0,Conservative Execution Mode,"[""action-execution""]","[""software-engineering"", ""evaluation-audit""]","[""irreversible-action-risk"", ""action-permission-risk""]","[""under-verification"", ""capability-hallucination""]","[""execution readiness"", ""atomic action"", ""immediate verification"", ""conservative finalization""]","[""irreversible_action"", ""high_stakes"", ""human_approval_available"", ""deterministic_verifier_available""]","[""review_only"", ""missing_required_information""]",L3,L5,"[""software-development"", ""agent-development"", ""medical-evidence"", ""legal-evidence""]","[""creative-exploration"", ""knowledge-explanation""]","[""risk-tier-scaling""]",[],"[{""slug"": ""power-mode"", ""reason"": ""Makes explicit when broader exploratory power should remain separate from conservative execution.""}]",sufficiently-recovered,PASS,"A conservative execution prior requires existing action authority, a committed plan, and verifiable atomic steps."
safe-rewrite,1.1.0,Safe Rewrite Logic,"[""content-transformation""]","[""content-authoring"", ""evaluation-audit""]","[""constraint-loss"", ""invariant-violation""]","[""over-editing"", ""provenance-loss""]","[""rewrite planning"", ""controlled transformation"", ""atom-level comparison""]","[""requires_exact_fidelity"", ""contains_protected_literals"", ""has_supplied_sources""]","[""missing_required_information"", ""evidence_conflicting""]",L1,L3,"[""authoring"", ""documentation"", ""long-context"", ""legal-evidence""]","[""action-execution"", ""quantitative-analysis""]","[""micro-repair""]","[""regenerative-rewrite""]","[{""slug"": ""regenerative-rewrite"", ""reason"": ""Provides an explicit escalation when the structure, not merely wording, is globally unsound.""}]",sufficiently-recovered,PASS,Prefer for meaning-preserving rewrites with identifiable invariants; conflicting source truth must be resolved first.
scoped-loader,1.1.0,Scoped Loader / Loader Sequencing,"[""content-understanding""]","[""software-engineering"", ""research-grounding"", ""workflow-automation""]","[""context-overload"", ""evidence-coverage-gap""]","[""domain-context-contamination"", ""constraint-loss""]","[""task classification"", ""pre-retrieval"", ""on-demand loading"", ""pre-commit validation""]","[""long_context"", ""multi_document"", ""context_window_pressure"", ""tools_required""]","[""missing_required_information""]",L1,L5,"[""long-context"", ""software-development"", ""research"", ""agent-development""]","[""knowledge-explanation""]","[""activation-budget-funnel""]",[],"[{""slug"": ""anti-tunnel-vision"", ""reason"": ""Counters overly narrow loading that would miss a materially relevant source or module.""}]",sufficiently-recovered,PASS,Select to reduce token load through task-conditioned retrieval; required context and authority constraints remain unsuppressible.
selfblock-auto-update,1.1.0,Automatic Canonical-State Update,"[""workflow-automation""]","[""skill-agent-creation"", ""action-execution""]","[""stale-state"", ""lost-state""]","[""action-permission-risk"", ""version-drift""]","[""after meaningful action"", ""after tool result"", ""before handoff"", ""before resume""]","[""persistent_work"", ""durable_state_available"", ""handoff_expected"", ""file_write_allowed""]","[""sensitive_data"", ""review_only"", ""tightly_shared_state""]",L3,L5,"[""agent-development"", ""software-development""]","[""knowledge-explanation"", ""content-transformation""]","[""stateblock""]","[""sequential-memory-state-engine""]","[{""slug"": ""clarification-gateway"", ""reason"": ""Blocks ambiguous updates to authority-bearing state.""}, {""slug"": ""drift-suppression"", ""reason"": ""Keeps automated state mutation aligned with the accepted task.""}]",sufficiently-recovered,PASS,Selection presumes writable durable state and trusted update rules; never infer write authority from persistence alone.
sequential-memory-state-engine,1.1.0,Ordered Memory-State Update Engine,"[""workflow-automation""]","[""skill-agent-creation"", ""action-execution""]","[""lost-state"", ""stale-state""]","[""branch-contamination"", ""version-drift"", ""poor-handoff""]","[""ingest"", ""normalize"", ""classify"", ""compare"", ""resolve"", ""commit"", ""project"", ""checkpoint""]","[""persistent_work"", ""durable_state_available"", ""handoff_expected"", ""tools_required""]","[""tightly_shared_state"", ""sensitive_data""]",L4,L5,"[""agent-development"", ""software-development"", ""long-context""]","[""knowledge-explanation"", ""creative-exploration""]","[""stateblock"", ""selfblock-auto-update""]","[""state-routing-bus""]","[{""slug"": ""drift-suppression"", ""reason"": ""Guards ordered commits against task and constraint drift.""}, {""slug"": ""stable-long-context"", ""reason"": ""Preserves recoverable context around the compact canonical state.""}]",sufficiently-recovered,PASS,"Use for ordered, evolving state across multiple steps; a one-shot response should suppress this machinery."
specificity-penalty-gate,1.1.0,Unsupported Precision Gate,"[""research-grounding""]","[""content-authoring"", ""evaluation-audit"", ""decision-support""]","[""unsupported-precision"", ""unsupported-claim""]","[""poor-uncertainty-handling"", ""citation-source-mismatch""]","[""drafting"", ""claim validation"", ""pre-release""]","[""requires_citations"", ""high_stakes"", ""time_sensitive"", ""evidence_unavailable""]","[""has_supplied_sources"", ""deterministic_verifier_available""]",L1,L4,"[""research"", ""medical-evidence"", ""legal-evidence"", ""authoring""]","[""creative-exploration"", ""content-transformation""]","[""epistemic-status-gating""]","[""fail-closed-abstention""]","[{""slug"": ""critical-atomic-verification"", ""reason"": ""Allows exact claims when a decisive unit can actually be verified.""}]",source-gap,PASS,"The selection prior is defensible, but the canonical record flags a historical source gap; never treat it as evidence for a specific hidden mechanism."
stable-long-context,1.1.0,Stable Long-Context,"[""content-understanding""]","[""workflow-automation"", ""research-grounding""]","[""lost-state"", ""context-overload""]","[""constraint-loss"", ""provenance-loss"", ""stale-state""]","[""initial anchoring"", ""periodic compaction"", ""context re-entry"", ""final consistency check""]","[""long_context"", ""multi_document"", ""persistent_work"", ""context_window_pressure""]","[""requires_exact_fidelity"", ""missing_required_information""]",L2,L5,"[""long-context"", ""research"", ""documentation"", ""agent-development""]","[""knowledge-explanation""]","[""working-memory-lock-in""]","[""sequential-memory-state-engine""]","[{""slug"": ""drift-suppression"", ""reason"": ""Keeps compressed summaries aligned with locked constraints.""}, {""slug"": ""scoped-loader"", ""reason"": ""Reloads precise source material when summaries are insufficient.""}]",sufficiently-recovered,PASS,Use when context must survive compression or re-entry; do not substitute summaries for material requiring lossless retention.
state-routing-bus,1.1.0,Task-State Handoff Router,"[""workflow-automation""]","[""skill-agent-creation""]","[""poor-handoff"", ""orchestration-fragmentation""]","[""branch-contamination"", ""domain-context-contamination"", ""lost-state""]","[""post-module emission"", ""inter-module routing"", ""handoff verification""]","[""multi_agent_available"", ""handoff_expected"", ""durable_state_available"", ""branches_independent""]","[""tightly_shared_state"", ""sensitive_data""]",L4,L5,"[""agent-development"", ""software-development""]","[""knowledge-explanation"", ""content-authoring"", ""content-transformation""]","[""structured-state-projection""]","[""ultimate-suite-supervisor""]","[{""slug"": ""scoped-loader"", ""reason"": ""Limits each recipient to the state slice needed for its task.""}]",sufficiently-recovered,PASS,"Require a real handoff medium and explicit recipient contract; this is routing support, not an implicit shared-memory promise."
state-snapshot,1.1.0,State Snapshot,"[""workflow-automation""]","[""action-execution"", ""skill-agent-creation""]","[""lost-state"", ""poor-handoff""]","[""stale-state"", ""version-drift""]","[""milestone completion"", ""before risky transition"", ""handoff"", ""recovery""]","[""persistent_work"", ""handoff_expected"", ""durable_state_available"", ""irreversible_action""]","[""sensitive_data"", ""review_only""]",L2,L5,"[""agent-development"", ""software-development"", ""long-context""]","[""knowledge-explanation"", ""creative-exploration""]","[""stateblock""]","[""sequential-memory-state-engine""]","[{""slug"": ""scoped-loader"", ""reason"": ""Keeps recovery snapshots discoverable without keeping all state active.""}, {""slug"": ""selfblock-auto-update"", ""reason"": ""Separates milestone snapshots from continuous state updates.""}]",strongly-derivable,PASS,"Snapshot only valid committed state, excluding prohibited sensitive content and incomplete transactions."
stateblock,1.1.0,Canonical Task State,"[""workflow-automation""]","[""planning-design"", ""skill-agent-creation""]","[""lost-state"", ""task-drift""]","[""stale-state"", ""constraint-loss"", ""poor-handoff""]","[""task initialization"", ""after accepted state changes"", ""before action"", ""handoff and recovery""]","[""persistent_work"", ""handoff_expected"", ""durable_state_available"", ""acceptance_criteria_present""]","[""sensitive_data"", ""tightly_shared_state""]",L2,L5,"[""agent-development"", ""software-development"", ""long-context"", ""general""]","[""knowledge-explanation"", ""content-transformation""]","[""working-memory-lock-in""]","[""sequential-memory-state-engine""]","[{""slug"": ""micro-scaffolding"", ""reason"": ""Avoids expanding a canonical state record beyond the minimum useful schema.""}, {""slug"": ""working-memory-cues"", ""reason"": ""Projects only the currently salient state instead of repeating the whole block.""}]",sufficiently-recovered,PASS,Select for evolving multi-step tasks with a single canonical state contract; suppress for trivial one-turn work.
structured-refinement,1.1.0,Structured Refinement Cycles,"[""content-transformation""]","[""content-authoring"", ""evaluation-audit""]","[""under-editing"", ""invalid-validation-signal""]","[""over-editing"", ""weak-stopping-rule"", ""constraint-loss""]","[""factual pass"", ""structural pass"", ""style pass"", ""release validation""]","[""acceptance_criteria_present"", ""has_supplied_sources"", ""structured_output_required""]","[""missing_required_information"", ""context_window_pressure""]",L1,L4,"[""authoring"", ""documentation"", ""general""]","[""action-execution"", ""knowledge-explanation""]","[""micro-repair""]","[""regenerative-rewrite""]","[{""slug"": ""regenerative-rewrite"", ""reason"": ""Stops iterative polishing when a globally broken structure should be rebuilt.""}]",sufficiently-recovered,PASS,Use distinct passes with acceptance tests and a stopping rule; do not select when one bounded repair is enough.
structured-state-projection,1.1.0,Structured State Projection,"[""workflow-automation""]","[""skill-agent-creation"", ""content-understanding""]","[""domain-context-contamination"", ""context-overload""]","[""constraint-loss"", ""poor-handoff""]","[""before component invocation"", ""domain transfer"", ""handoff"", ""output merge""]","[""multi_agent_available"", ""handoff_expected"", ""context_window_pressure"", ""sensitive_data""]","[""missing_required_information"", ""tightly_shared_state""]",L3,L5,"[""agent-development"", ""software-development"", ""long-context""]","[""knowledge-explanation"", ""creative-exploration""]","[""scoped-loader""]","[""state-routing-bus""]","[{""slug"": ""clarification-gateway"", ""reason"": ""Blocks projection when field dependencies or required constraints are unresolved.""}, {""slug"": ""cot-structured-state-block"", ""reason"": ""Maintains a structured consumer-facing contract without exposing unnecessary state.""}]",source-gap,PASS,The projection prior is conservative; the canonical source gap requires avoiding claims about unrecovered historical mechanism details.
stuck-pattern-reset,1.1.0,Stuck-Pattern Reset Pack,"[""planning-design""]","[""software-engineering"", ""research-grounding"", ""creative-exploration""]","[""tunnel-vision"", ""premature-commitment""]","[""weak-stopping-rule"", ""task-drift"", ""lost-state""]","[""repetition detection"", ""state preservation"", ""path quarantine"", ""alternative restart""]","[""persistent_work"", ""recurrence_pattern_stable"", ""reproduction_available""]","[""missing_required_information"", ""irreversible_action""]",L2,L4,"[""general"", ""software-development"", ""research"", ""agent-development""]","[""content-transformation"", ""knowledge-explanation""]","[""bounded-exit""]","[""meta-supervisor""]","[{""slug"": ""forethought-checkpoints"", ""reason"": ""Preserves acceptance criteria and known constraints during an alternative restart.""}]",sufficiently-recovered,PASS,"Select after repeated materially similar failures, not merely after one failed attempt with a new method or evidence."
style-alignment,1.1.0,Style-Alignment Module,"[""content-transformation""]","[""content-authoring""]","[""constraint-loss"", ""over-editing""]","[""invariant-violation"", ""unsupported-claim""]","[""style contract extraction"", ""surface transformation"", ""semantic and style validation""]","[""has_supplied_sources"", ""requires_exact_fidelity"", ""contains_protected_literals""]","[""evidence_conflicting"", ""missing_required_information""]",L1,L3,"[""authoring"", ""documentation"", ""general""]","[""quantitative-analysis"", ""action-execution""]",[],"[""structured-refinement""]","[{""slug"": ""explanation-minimality-scaffold"", ""reason"": ""Avoids adding ornamental explanation while matching style.""}, {""slug"": ""grounding-no-invention"", ""reason"": ""Keeps stylistic fluency from introducing unsupported substance.""}]",sufficiently-recovered,PASS,Rank for explicit style transformation only after facts and reasoning are stable; protected text remains unchanged.
surgery-edit,1.1.0,Structural System Edit,"[""software-engineering""]","[""content-transformation"", ""planning-design""]","[""under-editing"", ""invariant-violation""]","[""over-editing"", ""constraint-loss"", ""under-verification""]","[""structural diagnosis"", ""interface inventory"", ""replacement design"", ""migration and cutover"", ""global validation""]","[""editing_requested"", ""acceptance_criteria_present"", ""tests_available"", ""deterministic_verifier_available""]","[""review_only"", ""missing_required_information"", ""irreversible_action""]",L4,L5,"[""software-development"", ""agent-development""]","[""knowledge-explanation"", ""content-authoring""]","[""regenerative-rewrite""]",[],"[{""slug"": ""crispr-edit"", ""reason"": ""Prefers a bounded local edit when it can preserve all interfaces.""}, {""slug"": ""micro-repair"", ""reason"": ""Suppresses structural replacement for an isolated defect.""}]",sufficiently-recovered,PASS,"Reserve for a system-level replacement with explicit interfaces, migration, rollback, and global validation."
task-set-lock-in,1.1.0,Task-Set Lock-In,"[""planning-design""]","[""workflow-automation"", ""software-engineering"", ""action-execution""]","[""task-drift"", ""mode-scope-authority-drift""]","[""constraint-loss"", ""poor-handoff""]","[""after clarification"", ""before planning"", ""at scope-change requests"", ""final acceptance""]","[""acceptance_criteria_present"", ""persistent_work"", ""handoff_expected"", ""editing_requested""]","[""missing_required_information""]",L1,L5,"[""general"", ""software-development"", ""agent-development"", ""documentation""]","[""creative-exploration""]",[],"[""stateblock""]","[{""slug"": ""controlled-drift-corridors"", ""reason"": ""Allows explicitly bounded adaptation without silently changing the task.""}, {""slug"": ""micro-scaffolding"", ""reason"": ""Keeps lock-in proportional to the actual task.""}]",sufficiently-recovered,PASS,"Use after material ambiguity is resolved; lock the accepted objective, scope, authority, and completion criteria, not incidental wording."
temporal-anchor-scaffold,1.1.0,Temporal Anchor Scaffold,"[""research-grounding""]","[""content-understanding"", ""decision-support""]","[""stale-state"", ""source-applicability-mismatch""]","[""unsupported-precision"", ""evidence-conflict-suppression""]","[""source intake"", ""timeline reconciliation"", ""time-sensitive reasoning"", ""final citation check""]","[""time_sensitive"", ""requires_citations"", ""multi_document"", ""evidence_conflicting""]","[""evidence_unavailable"", ""missing_required_information""]",L2,L4,"[""research"", ""medical-evidence"", ""legal-evidence"", ""long-context""]","[""creative-exploration"", ""content-transformation""]","[""working-memory-cues""]","[""sequential-memory-state-engine""]","[{""slug"": ""clarification-gateway"", ""reason"": ""Surfaces missing or ambiguous dates before timeline synthesis.""}, {""slug"": ""stable-long-context"", ""reason"": ""Preserves temporal anchors across long evidence sets.""}]",source-gap,PASS,Select only when time changes claim meaning or source applicability; unsupported dates must remain unknown.
truth-priority-hierarchy,1.1.0,Truth Priority Hierarchy,"[""evaluation-audit""]","[""research-grounding"", ""decision-support""]","[""evidence-conflict-suppression"", ""source-applicability-mismatch""]","[""unsupported-claim"", ""poor-uncertainty-handling""]","[""task-framing"", ""evidence-conflict-resolution"", ""qms-collapse""]","[""evidence_conflicting"", ""requires_citations"", ""high_stakes"", ""multi_document""]","[""evidence_unavailable"", ""missing_required_information""]",L2,L5,"[""research"", ""medical-evidence"", ""legal-evidence"", ""general""]","[""creative-exploration"", ""content-transformation""]","[""epistemic-status-gating""]","[""multi-truth-gating""]",[],sufficiently-recovered,PASS,A hierarchy must come from domain authority and applicability rules; never invent one merely to force conflicting evidence to collapse.
truth-redundancy,1.1.0,Independent Evidence Redundancy,"[""research-grounding""]","[""evaluation-audit"", ""decision-support""]","[""evidence-coverage-gap"", ""under-verification""]","[""citation-source-mismatch"", ""source-applicability-mismatch""]","[""evidence-selection"", ""pre-synthesis-validation""]","[""high_stakes"", ""requires_citations"", ""web_available"", ""external_research_allowed""]","[""evidence_unavailable"", ""context_window_pressure""]",L3,L5,"[""research"", ""medical-evidence"", ""legal-evidence""]","[""creative-exploration"", ""content-transformation""]","[""critical-atomic-verification""]","[""two-truths-and-corridor""]",[],sufficiently-recovered,PASS,Promote for consequential claims needing genuinely independent anchors; duplicate reports of one source do not provide redundancy.
two-truths-and-corridor,1.1.0,Dual-Source Bounded Synthesis,"[""research-grounding""]","[""decision-support"", ""content-authoring""]","[""evidence-conflict-suppression"", ""constraint-loss""]","[""unsupported-claim"", ""provenance-loss""]","[""pre-synthesis"", ""synthesis"", ""post-synthesis-validation""]","[""multi_document"", ""requires_citations"", ""evidence_conflicting"", ""has_supplied_sources""]","[""evidence_unavailable"", ""requires_exact_fidelity""]",L3,L4,"[""research"", ""medical-evidence"", ""legal-evidence"", ""authoring""]","[""creative-exploration"", ""content-transformation""]","[""truth-redundancy""]","[""multi-truth-gating""]","[{""slug"": ""grounding-no-invention"", ""reason"": ""Keeps the synthesis corridor bounded by what the two anchors actually support.""}]",strongly-derivable,PASS,Use only with two defensible anchors and an explicit synthesis corridor; it is not a substitute for exact extraction.
ultimate-suite-supervisor,1.1.0,Suite-Wide Workflow Supervisor,"[""skill-agent-creation""]","[""workflow-automation"", ""planning-design""]","[""orchestration-fragmentation"", ""packaging-activation-drift""]","[""mode-scope-authority-drift"", ""context-overload"", ""version-drift""]","[""suite activation"", ""mode and stack declaration"", ""global routing"", ""conflict resolution"", ""post-output health gate""]","[""multi_agent_available"", ""tools_required"", ""durable_state_available"", ""branches_independent""]","[""tightly_shared_state"", ""missing_required_information"", ""context_window_pressure""]",L5,L5,"[""agent-development""]","[""knowledge-explanation"", ""content-transformation"", ""content-authoring"", ""creative-exploration""]","[""meta-supervisor"", ""state-routing-bus""]",[],"[{""slug"": ""reasoning-throughput-governor"", ""reason"": ""Constrains suite-wide scheduling and verification cost.""}, {""slug"": ""scoped-loader"", ""reason"": ""Prevents the supervisor from loading every available component into every task.""}]",sufficiently-recovered,PASS,Highest-complexity prior for a real suite with explicit manifests and authority rules; suppress whenever a smaller composition can complete the task.
working-memory-cues,1.1.0,Working-Memory Cues,"[""content-understanding""]","[""workflow-automation"", ""planning-design""]","[""constraint-loss"", ""task-drift""]","[""context-overload"", ""lost-state""]","[""before risky step"", ""after context switch"", ""before output"", ""at known failure points""]","[""long_context"", ""persistent_work"", ""context_window_pressure"", ""recurrence_pattern_stable""]","[""missing_required_information""]",L1,L3,"[""long-context"", ""agent-development"", ""software-development"", ""general""]","[""creative-exploration""]","[""task-set-lock-in""]","[""working-memory-lock-in""]","[{""slug"": ""attention-compression-scaffold"", ""reason"": ""Keeps cues short enough to remain salient.""}, {""slug"": ""clarification-gateway"", ""reason"": ""Prevents unresolved assumptions from becoming repeated cues.""}]",sufficiently-recovered,PASS,Use a few targeted cues at known failure points; cues supplement rather than replace canonical state.
working-memory-lock-in,1.1.0,Working-Memory Lock-In,"[""workflow-automation""]","[""content-understanding"", ""software-engineering""]","[""constraint-loss"", ""task-drift""]","[""lost-state"", ""context-overload""]","[""task initialization"", ""before each major action"", ""after context/tool transition"", ""final validation""]","[""long_context"", ""persistent_work"", ""tools_required"", ""context_window_pressure""]","[""missing_required_information"", ""tightly_shared_state""]",L2,L4,"[""long-context"", ""software-development"", ""agent-development""]","[""creative-exploration"", ""knowledge-explanation""]","[""working-memory-cues""]","[""stateblock""]","[{""slug"": ""attention-compression-scaffold"", ""reason"": ""Prevents locked material from crowding out active work.""}, {""slug"": ""stable-long-context"", ""reason"": ""Moves broader history outside the continuously salient lock.""}]",sufficiently-recovered,PASS,"Lock only small, stable, authority-bearing facts and invariants; unresolved or rapidly changing values should not be locked."
zero-drift-zones,1.1.0,Immutable Content Zones,"[""content-transformation""]","[""content-authoring"", ""software-engineering""]","[""invariant-violation"", ""constraint-loss""]","[""over-editing"", ""provenance-loss""]","[""source annotation"", ""transformation planning"", ""generation guard"", ""final verification""]","[""contains_protected_literals"", ""requires_exact_fidelity"", ""has_supplied_sources"", ""deterministic_verifier_available""]","[""missing_required_information"", ""evidence_conflicting""]",L1,L4,"[""authoring"", ""documentation"", ""software-development"", ""legal-evidence"", ""long-context""]","[""creative-exploration"", ""knowledge-explanation""]","[""controlled-drift-corridors""]","[""drift-suppression""]","[{""slug"": ""clarification-gateway"", ""reason"": ""Requires the immutable boundary to be explicit before transformation.""}, {""slug"": ""drift-spectra-scaling"", ""reason"": ""Avoids treating mutable surrounding content as equally locked.""}]",sufficiently-recovered,PASS,"Select when immutable spans can be identified and verified; if everything is frozen, no useful transformation remains."
